customer_id,Recency,Frequency,Monetary,R_Score,F_Score,M_Score,RFM_Segment,RFM_Score,Customer_Type
AA-10315,8,19,13747.413,4,3,4,434,11,Champions
AA-10375,6,23,5884.195,4,3,2,432,9,Champions
AA-10480,125,20,17695.58978,1,3,4,134,8,Loyal
AA-10645,28,36,15343.8907,3,4,4,344,11,Champions
AA-315,2,7,2243.256,4,2,2,422,8,Loyal
AA-375,253,8,654.492,1,2,1,121,4,At Risk
AA-480,314,5,2063.493,1,1,2,112,4,At Risk
AA-645,51,11,1968.324,2,2,2,222,6,Potential
AB-10015,16,32,20037.4975,3,4,4,344,11,Champions
AB-10060,42,32,18416.5504,2,4,4,244,10,Champions
AB-10105,27,33,22966.78,3,4,4,344,11,Champions
AB-10150,35,24,13057.294600000001,3,3,3,333,9,Champions
AB-10165,13,29,11649.265,4,4,3,443,11,Champions
AB-10255,5,31,10786.7164,4,4,3,443,11,Champions
AB-105,43,7,2156.4,2,2,2,222,6,Potential
AB-10600,50,22,13318.6631,2,3,4,234,9,Champions
AB-15,412,5,4607.13,1,1,2,112,4,At Risk
AB-150,398,4,3143.88,1,1,2,112,4,At Risk
AB-165,16,6,1399.776,3,1,1,311,5,Potential
AB-255,43,8,4679.502,2,2,2,222,6,Potential
AB-60,35,9,1770.2279999999998,3,2,2,322,7,Loyal
AB-600,7,5,5408.55,4,1,2,412,7,Loyal
AC-10420,6,24,10607.6947,4,3,3,433,10,Champions
AC-10450,5,19,16126.3904,4,3,4,434,11,Champions
AC-10615,6,29,12729.72448,4,4,3,443,11,Champions
AC-10660,2,21,6255.61908,4,3,3,433,10,Champions
AC-420,13,9,1689.675,4,2,2,422,8,Loyal
AC-450,181,7,1026.597,1,2,1,121,4,At Risk
AC-615,92,7,2298.432,2,2,2,222,6,Potential
AC-660,119,4,2676.09,1,1,2,112,4,At Risk
AD-10180,29,27,17858.5048,3,4,4,344,11,Champions
AD-180,5,3,681.288,4,1,1,411,6,Potential
AF-10870,6,36,26487.2585,4,4,4,444,12,Champions
AF-10885,53,35,19711.16728,2,4,4,244,10,Champions
AF-870,5,9,1700.082,4,2,2,422,8,Loyal
AF-885,167,2,354.99,1,1,1,111,3,At Risk
AG-10270,40,25,10637.40422,2,3,3,233,8,Loyal
AG-10300,2,24,13013.8762,4,3,3,433,10,Champions
AG-10330,8,29,14534.50618,4,4,4,444,12,Champions
AG-10390,114,19,8453.0096,1,3,3,133,7,Loyal
AG-10495,78,29,15380.31006,2,4,4,244,10,Champions
AG-10525,12,20,8468.963,4,3,3,433,10,Champions
AG-10675,47,21,13023.836000000001,2,3,3,233,8,Loyal
AG-10765,28,27,9824.7795,3,4,3,343,10,Champions
AG-10900,57,29,18174.17176,2,4,4,244,10,Champions
AG-270,13,8,2779.806,4,2,2,422,8,Loyal
AG-300,98,6,1703.31,2,1,2,212,5,Potential
AG-330,2,7,532.545,4,2,1,421,7,Loyal
AG-390,112,4,473.112,1,1,1,111,3,At Risk
AG-495,48,11,1003.9920000000001,2,2,1,221,5,Potential
AG-525,15,7,2870.676,3,2,2,322,7,Loyal
AG-675,173,10,2368.131,1,2,2,122,5,Potential
AG-765,114,8,1859.5320000000002,1,2,2,122,5,Potential
AG-900,23,4,1699.47,3,1,2,312,6,Potential
AH-10030,12,27,14439.49784,4,4,4,444,12,Champions
AH-10075,2,34,18109.86142,4,4,4,444,12,Champions
AH-10120,60,22,9927.83588,2,3,3,233,8,Loyal
AH-10195,49,25,12628.19178,2,3,3,233,8,Loyal
AH-10210,6,34,20365.74018,4,4,4,444,12,Champions
AH-10465,70,20,8547.83068,2,3,3,233,8,Loyal
AH-10585,21,22,9125.8911,3,3,3,333,9,Champions
AH-10690,30,31,16276.16112,3,4,4,344,11,Champions
AH-120,21,4,1478.0819999999999,3,1,1,311,5,Potential
AH-195,278,9,2651.565,1,2,2,122,5,Potential
AH-210,457,4,3277.11,1,1,2,112,4,At Risk
AH-30,468,7,6320.0160000000005,1,2,3,123,6,Potential
AH-465,241,4,650.826,1,1,1,111,3,At Risk
AH-585,75,9,2232.222,2,2,2,222,6,Potential
AH-690,58,5,1817.898,2,1,2,212,5,Potential
AH-75,37,8,3608.34,2,2,2,222,6,Potential
AI-10855,13,22,8358.6023,4,3,3,433,10,Champions
AI-855,203,4,919.974,1,1,1,111,3,At Risk
AJ-10780,48,25,15186.0672,2,3,4,234,9,Champions
AJ-10795,62,22,8887.077,2,3,3,233,8,Loyal
AJ-10945,28,29,11087.024,3,4,3,343,10,Champions
AJ-10960,48,17,8633.59348,2,3,3,233,8,Loyal
AJ-780,1,12,2570.994,4,2,2,422,8,Loyal
AJ-795,36,10,3395.58,2,2,2,222,6,Potential
AJ-945,104,7,4860.924,1,2,2,122,5,Potential
AJ-960,294,10,4629.156,1,2,2,122,5,Potential
AM-10360,15,33,16730.3296,3,4,4,344,11,Champions
AM-10705,25,30,24218.5645,3,4,4,344,11,Champions
AM-360,175,6,2035.827,1,1,2,112,4,At Risk
AM-705,136,6,1303.77,1,1,1,111,3,At Risk
AO-10810,36,27,14537.7966,2,4,4,244,10,Champions
AO-810,7,5,485.007,4,1,1,411,6,Potential
AP-10720,41,20,15362.0613,2,3,4,234,9,Champions
AP-10915,76,32,15877.8603,2,4,4,244,10,Champions
AP-720,37,6,999.699,2,1,1,211,4,At Risk
AP-915,92,5,2668.08,2,1,2,212,5,Potential
AR-10345,29,26,14165.796199999999,3,3,4,334,10,Champions
AR-10405,54,22,8956.82078,2,3,3,233,8,Loyal
AR-10510,14,29,14277.88536,4,4,4,444,12,Champions
AR-10540,6,15,7983.9505,4,3,3,433,10,Champions
AR-10570,2,18,9445.64932,4,3,3,433,10,Champions
AR-10825,22,38,15311.035600000001,3,4,4,344,11,Champions
AR-345,141,9,2301.072,1,2,2,122,5,Potential
AR-405,222,6,571.11,1,1,1,111,3,At Risk
AR-510,104,10,2638.638,1,2,2,122,5,Potential
AR-540,221,8,561.6,1,2,1,121,4,At Risk
AR-570,70,9,2044.278,2,2,2,222,6,Potential
AR-825,33,7,2028.9119999999998,3,2,2,322,7,Loyal
AS-10045,23,28,12596.2944,3,4,3,343,10,Champions
AS-10090,15,32,15009.47272,3,4,4,344,11,Champions
AS-10135,41,19,7307.2442,2,3,3,233,8,Loyal
AS-10225,12,28,21366.8987,4,4,4,444,12,Champions
AS-10240,12,31,9006.66636,4,4,3,443,11,Champions
AS-10285,18,30,16179.86246,3,4,4,344,11,Champions
AS-10630,35,19,9815.9395,3,3,3,333,9,Champions
AS-135,92,5,3978.81,2,1,2,212,5,Potential
AS-225,2,7,469.515,4,2,1,421,7,Loyal
AS-240,498,5,1686.51,1,1,2,112,4,At Risk
AS-285,99,13,4938.4619999999995,2,2,2,222,6,Potential
AS-45,233,3,1616.334,1,1,1,111,3,At Risk
AS-630,33,11,2000.01,3,2,2,322,7,Loyal
AS-90,21,4,435.204,3,1,1,311,5,Potential
AT-10435,12,24,13654.3055,4,3,4,434,11,Champions
AT-10735,2,29,12984.1049,4,4,3,443,11,Champions
AT-435,28,12,1287.993,3,2,1,321,6,Potential
AT-735,69,5,403.65000000000003,2,1,1,211,4,At Risk
AW-10840,16,25,13200.25552,3,3,4,334,10,Champions
AW-10930,35,22,10230.95856,3,3,3,333,9,Champions
AW-840,56,7,1947.0,2,2,2,222,6,Potential
AW-930,37,6,782.0550000000001,2,1,1,211,4,At Risk
AY-10555,14,16,5446.61044,4,3,2,432,9,Champions
AY-555,35,11,3096.42,3,2,2,322,7,Loyal
AZ-10750,70,18,9639.801,2,3,3,233,8,Loyal
AZ-750,26,10,2231.277,3,2,2,322,7,Loyal
BB-10990,14,30,9064.5327,4,4,3,443,11,Champions
BB-11545,28,26,15797.57188,3,3,4,334,10,Champions
BB-1545,49,5,207.228,2,1,1,211,4,At Risk
BB-990,50,7,822.288,2,2,1,221,5,Potential
BC-11125,33,28,14789.447,3,4,4,344,11,Champions
BC-1125,29,6,396.042,3,1,1,311,5,Potential
BD-11320,5,32,13390.267,4,4,4,444,12,Champions
BD-11500,19,27,13089.8495,3,4,3,343,10,Champions
BD-11560,7,19,9356.77974,4,3,3,433,10,Champions
BD-11605,97,19,9202.66214,2,3,3,233,8,Loyal
BD-11620,49,25,7849.0000199999995,2,3,3,233,8,Loyal
BD-11635,9,25,11230.6983,4,3,3,433,10,Champions
BD-11725,4,30,10877.827,4,4,3,443,11,Champions
BD-11770,35,26,10168.32526,3,3,3,333,9,Champions
BD-1320,5,6,1885.05,4,1,2,412,7,Loyal
BD-1500,398,3,52.047,1,1,1,111,3,At Risk
BD-1560,90,5,1564.02,2,1,1,211,4,At Risk
BD-1605,275,5,689.64,1,1,1,111,3,At Risk
BD-1620,117,11,2919.597,1,2,2,122,5,Potential
BD-1635,324,9,5689.263,1,2,2,122,5,Potential
BD-1725,100,13,5078.400000000001,1,2,2,122,5,Potential
BD-1770,238,5,3405.066,1,1,2,112,4,At Risk
BE-11335,35,37,27158.0184,3,4,4,344,11,Champions
BE-11410,84,30,16552.06996,2,4,4,244,10,Champions
BE-11455,3,27,17643.5253,4,4,4,444,12,Champions
BE-1335,572,5,1321.1490000000001,1,1,1,111,3,At Risk
BE-1410,21,7,1859.859,3,2,2,322,7,Loyal
BE-1455,146,2,1340.31,1,1,1,111,3,At Risk
BF-1005,734,2,732.033,1,1,1,111,3,At Risk
BF-1020,96,7,3006.996,2,2,2,222,6,Potential
BF-1080,209,6,3808.17,1,1,2,112,4,At Risk
BF-10975,35,22,8104.7792,3,3,3,333,9,Champions
BF-11005,8,25,23347.83866,4,3,4,434,11,Champions
BF-11020,15,24,10201.2813,3,3,3,333,9,Champions
BF-11080,25,21,10134.5617,3,3,3,333,9,Champions
BF-11170,16,31,22314.84044,3,4,4,344,11,Champions
BF-11215,26,27,12968.9385,3,4,3,343,10,Champions
BF-11275,6,23,9578.59864,4,3,3,433,10,Champions
BF-1170,193,6,904.9200000000001,1,1,1,111,3,At Risk
BF-1215,117,5,398.91900000000004,1,1,1,111,3,At Risk
BF-1275,128,7,1009.9739999999999,1,2,1,121,4,At Risk
BF-975,22,8,1730.232,3,2,2,322,7,Loyal
BG-1035,600,1,124.416,1,1,1,111,3,At Risk
BG-11035,28,33,19899.1474,3,4,4,344,11,Champions
BG-11695,9,19,10723.32038,4,3,3,433,10,Champions
BG-11740,6,24,14689.342499999999,4,3,4,434,11,Champions
BG-1695,44,5,488.84999999999997,2,1,1,211,4,At Risk
BG-1740,16,4,692.454,3,1,1,311,5,Potential
BH-11710,23,31,23537.335,3,4,4,344,11,Champions
BH-1710,93,10,4583.286,2,2,2,222,6,Potential
BK-11260,26,27,13294.68736,3,4,4,344,11,Champions
BK-1260,40,6,291.564,2,1,1,211,4,At Risk
BM-11140,8,29,25312.2927,4,4,4,444,12,Champions
BM-1140,13,6,1857.69,4,1,2,412,7,Loyal
BM-11575,34,25,10351.33308,3,3,3,333,9,Champions
BM-11650,33,24,14920.99608,3,3,4,334,10,Champions
BM-11785,2,36,18446.8529,4,4,4,444,12,Champions
BM-1575,40,9,1703.982,2,2,2,222,6,Potential
BM-1650,481,8,2537.1059999999998,1,2,2,122,5,Potential
BM-1785,48,9,2244.342,2,2,2,222,6,Potential
BN-11470,11,29,23378.10388,4,4,4,444,12,Champions
BN-11515,9,23,10272.22552,4,3,3,433,10,Champions
BN-1470,22,7,2823.852,3,2,2,322,7,Loyal
BN-1515,27,8,2606.8019999999997,3,2,2,322,7,Loyal
BO-11350,111,20,7476.2546999999995,1,3,3,133,7,Loyal
BO-11425,5,21,12356.58552,4,3,3,433,10,Champions
BO-1350,21,6,616.236,3,1,1,311,5,Potential
BO-1425,1,8,2671.257,4,2,2,422,8,Loyal
BP-1050,11,9,4981.542,4,2,2,422,8,Loyal
BP-1095,11,6,1759.668,4,1,2,412,7,Loyal
BP-11050,5,21,5403.78676,4,3,2,432,9,Champions
BP-11095,2,32,8327.8696,4,4,3,443,11,Champions
BP-11155,32,24,13696.143460000001,3,3,4,334,10,Champions
BP-11185,1,28,15376.031719999999,4,4,4,444,12,Champions
BP-11230,39,23,12573.6136,2,3,3,233,8,Loyal
BP-11290,12,29,12448.89978,4,4,3,443,11,Champions
BP-1155,261,6,1110.78,1,1,1,111,3,At Risk
BP-1185,4,10,1430.616,4,2,1,421,7,Loyal
BP-1230,83,8,6134.988,2,2,2,222,6,Potential
BP-1290,369,4,383.34000000000003,1,1,1,111,3,At Risk
BS-11365,0,26,22551.02596,4,3,4,434,11,Champions
BS-11380,28,23,18305.9783,3,3,4,334,10,Champions
BS-11590,35,23,11358.58602,3,3,3,333,9,Champions
BS-11665,29,24,17468.881,3,3,4,334,10,Champions
BS-11755,1,29,17557.4595,4,4,4,444,12,Champions
BS-11800,9,21,10887.2118,4,3,3,433,10,Champions
BS-1365,37,5,957.63,2,1,1,211,4,At Risk
BS-1380,131,5,469.458,1,1,1,111,3,At Risk
BS-1590,237,5,819.4499999999999,1,1,1,111,3,At Risk
BS-1665,152,7,5101.907999999999,1,2,2,122,5,Potential
BS-1755,295,5,1679.76,1,1,2,112,4,At Risk
BS-1800,11,9,6364.854,4,2,3,423,9,Champions
BT-11305,28,24,10321.82,3,3,3,333,9,Champions
BT-11395,28,24,11347.529,3,3,3,333,9,Champions
BT-11440,51,21,8263.9755,2,3,3,233,8,Loyal
BT-11485,30,29,8878.05054,3,4,3,343,10,Champions
BT-11530,33,25,13808.318,3,3,4,334,10,Champions
BT-11680,18,22,14087.7631,3,3,4,334,10,Champions
BT-1305,31,10,1305.96,3,2,1,321,6,Potential
BT-1395,33,4,448.848,3,1,1,311,5,Potential
BT-1440,93,10,2132.565,2,2,2,222,6,Potential
BT-1485,97,9,2803.974,2,2,2,222,6,Potential
BT-1530,352,7,1535.781,1,2,1,121,4,At Risk
BT-1680,57,4,807.36,2,1,1,211,4,At Risk
BV-11245,44,22,20681.678,2,3,4,234,9,Champions
BV-1245,128,3,684.264,1,1,1,111,3,At Risk
BW-1065,22,5,9027.48,3,1,3,313,7,Loyal
BW-11065,50,18,8409.0559,2,3,3,233,8,Loyal
BW-1110,184,10,1696.83,1,2,2,122,5,Potential
BW-11110,54,35,30613.6165,2,4,4,244,10,Champions
BW-11200,40,29,11862.36908,2,4,3,243,9,Champions
BW-1200,133,4,3105.816,1,1,2,112,4,At Risk
CA-11965,18,26,21110.5214,3,3,4,334,10,Champions
CA-12055,13,22,10691.028,4,3,3,433,10,Champions
CA-12265,34,31,18472.6689,3,4,4,344,11,Champions
CA-12310,13,21,7166.23086,4,3,3,433,10,Champions
CA-12775,93,26,18350.464,2,3,4,234,9,Champions
CA-1965,127,8,2883.141,1,2,2,122,5,Potential
CA-2055,258,3,1601.73,1,1,1,111,3,At Risk
CA-2265,105,7,3364.638,1,2,2,122,5,Potential
CA-2310,336,5,636.0600000000001,1,1,1,111,3,At Risk
CA-2775,309,4,1485.897,1,1,1,111,3,At Risk
CB-12025,9,25,11685.3186,4,3,3,433,10,Champions
CB-12415,26,23,12705.54736,3,3,3,333,9,Champions
CB-12535,42,27,18108.67284,2,4,4,244,10,Champions
CB-2025,22,5,1840.8899999999999,3,1,2,312,6,Potential
CB-2415,516,4,1232.568,1,1,1,111,3,At Risk
CB-2535,7,2,147.12,4,1,1,411,6,Potential
CC-12100,51,25,11500.12324,2,3,3,233,8,Loyal
CC-12145,82,24,12190.6666,2,3,3,233,8,Loyal
CC-12220,20,32,7308.7328,3,4,3,343,10,Champions
CC-12370,43,30,28229.8514,2,4,4,244,10,Champions
CC-12430,0,29,13997.592560000001,4,4,4,444,12,Champions
CC-12475,16,30,17159.80046,3,4,4,344,11,Champions
CC-12550,27,25,7908.65034,3,3,3,333,9,Champions
CC-12610,16,29,16822.64,3,4,4,344,11,Champions
CC-12670,16,28,9969.0279,3,4,3,343,10,Champions
CC-12685,54,20,12798.5442,2,3,3,233,8,Loyal
CC-2100,60,5,1020.048,2,1,1,211,4,At Risk
CC-2145,504,6,1158.18,1,1,1,111,3,At Risk
CC-2220,21,12,4174.182,3,2,2,322,7,Loyal
CC-2370,6,9,6957.225,4,2,3,423,9,Champions
CC-2430,471,2,1041.57,1,1,1,111,3,At Risk
CC-2475,55,7,3709.881,2,2,2,222,6,Potential
CC-2550,271,5,1433.3999999999999,1,1,1,111,3,At Risk
CC-2610,344,3,782.3879999999999,1,1,1,111,3,At Risk
CC-2670,146,6,1527.5819999999999,1,1,1,111,3,At Risk
CC-2685,131,5,4019.4120000000003,1,1,2,112,4,At Risk
CD-11920,2,27,18296.7474,4,4,4,444,12,Champions
CD-11980,1,23,11848.16246,4,3,3,433,10,Champions
CD-12280,41,24,16779.54838,2,3,4,234,9,Champions
CD-12790,76,25,13468.1145,2,3,4,234,9,Champions
CD-1920,314,4,1821.219,1,1,2,112,4,At Risk
CD-1980,6,7,1380.228,4,2,1,421,7,Loyal
CD-2280,12,7,1205.04,4,2,1,421,7,Loyal
CD-2790,131,7,1030.788,1,2,1,121,4,At Risk
CG-12040,21,19,3596.268,3,3,2,332,8,Loyal
CG-12520,28,18,13545.47002,3,3,4,334,10,Champions
CG-2040,378,5,518.94,1,1,1,111,3,At Risk
CG-2520,119,7,1116.204,1,2,1,121,4,At Risk
CH-12070,89,21,11122.55656,2,3,3,233,8,Loyal
CH-2070,306,8,4545.6179999999995,1,2,2,122,5,Potential
CJ-11875,13,23,12538.83296,4,3,3,433,10,Champions
CJ-12010,33,26,19356.0046,3,3,4,334,10,Champions
CJ-1875,32,6,1431.432,3,1,1,311,5,Potential
CJ-2010,46,3,223.56,2,1,1,211,4,At Risk
CK-12205,4,38,13625.20784,4,4,4,444,12,Champions
CK-12325,61,27,9927.89832,2,4,3,243,9,Champions
CK-12595,43,33,16480.86618,2,4,4,244,10,Champions
CK-12760,57,26,6574.8044,2,3,3,233,8,Loyal
CK-2205,79,5,950.697,2,1,1,211,4,At Risk
CK-2325,0,8,3125.295,4,2,2,422,8,Loyal
CK-2595,215,3,662.28,1,1,1,111,3,At Risk
CK-2760,37,12,4015.95,2,2,2,222,6,Potential
CL-11890,13,31,17622.41136,4,4,4,444,12,Champions
CL-12565,5,30,17008.13588,4,4,4,444,12,Champions
CL-12700,8,31,17943.6508,4,4,4,444,12,Champions
CL-1890,92,9,560.745,2,2,1,221,5,Potential
CL-2565,42,6,2775.636,2,1,2,212,5,Potential
CL-2700,141,4,1432.374,1,1,1,111,3,At Risk
CM-11815,40,23,14362.8004,2,3,4,234,9,Champions
CM-11830,6,24,16828.819,4,3,4,434,11,Champions
CM-11935,36,18,9689.0124,2,3,3,233,8,Loyal
CM-12115,8,20,14657.9493,4,3,4,434,11,Champions
CM-12160,26,26,17910.03942,3,3,4,334,10,Champions
CM-12190,0,25,11375.05222,4,3,3,433,10,Champions
CM-12235,42,22,11377.591,2,3,3,233,8,Loyal
CM-12385,37,25,21882.96992,2,3,4,234,9,Champions
CM-12445,15,25,11971.70808,3,3,3,333,9,Champions
CM-12655,27,18,14188.72268,3,3,4,334,10,Champions
CM-12715,41,19,8392.5789,2,3,3,233,8,Loyal
CM-1815,61,5,431.874,2,1,1,211,4,At Risk
CM-1830,113,13,4777.407,1,2,2,122,5,Potential
CM-1935,48,7,459.294,2,2,1,221,5,Potential
CM-2115,20,3,1907.3700000000001,3,1,2,312,6,Potential
CM-2160,49,5,2245.92,2,1,2,212,5,Potential
CM-2190,152,4,1451.49,1,1,1,111,3,At Risk
CM-2235,51,5,243.03,2,1,1,211,4,At Risk
CM-2385,574,4,580.614,1,1,1,111,3,At Risk
CM-2445,348,4,1741.578,1,1,2,112,4,At Risk
CM-2655,50,12,1389.834,2,2,1,221,5,Potential
CM-2715,117,7,2838.264,1,2,2,122,5,Potential
CP-12085,69,23,14183.8819,2,3,4,234,9,Champions
CP-12340,8,30,20109.46928,4,4,4,444,12,Champions
CP-2085,142,10,5585.7,1,2,2,122,5,Potential
CP-2340,463,4,5044.65,1,1,2,112,4,At Risk
CR-12580,22,20,8700.3125,3,3,3,333,9,Champions
CR-12625,43,28,17271.20568,2,4,4,244,10,Champions
CR-12730,22,24,19487.963760000002,3,3,4,334,10,Champions
CR-12820,60,24,14470.55056,2,3,4,234,9,Champions
CR-2580,34,5,3057.2639999999997,3,1,2,312,6,Potential
CR-2625,139,9,5079.897,1,2,2,122,5,Potential
CR-2730,5,11,1359.576,4,2,1,421,7,Loyal
CR-2820,55,8,1188.012,2,2,1,221,5,Potential
CS-11845,15,26,20471.0526,3,3,4,334,10,Champions
CS-11860,77,21,10555.92482,2,3,3,233,8,Loyal
CS-11950,25,31,14222.97134,3,4,4,344,11,Champions
CS-12130,11,22,10981.231,4,3,3,433,10,Champions
CS-12175,60,29,16706.0963,2,4,4,244,10,Champions
CS-12250,26,30,12496.1053,3,4,3,343,10,Champions
CS-12355,6,31,9240.896999999999,4,4,3,443,11,Champions
CS-12400,1,23,10221.36436,4,3,3,433,10,Champions
CS-12460,6,23,20084.21728,4,3,4,434,11,Champions
CS-12490,2,30,11110.4965,4,4,3,443,11,Champions
CS-12505,27,16,11535.2464,3,3,3,333,9,Champions
CS-1845,24,8,1593.3120000000001,3,2,1,321,6,Potential
CS-1860,50,9,1618.674,2,2,1,221,5,Potential
CS-1950,135,5,714.072,1,1,1,111,3,At Risk
CS-2130,305,4,1367.268,1,1,1,111,3,At Risk
CS-2175,57,5,3340.098,2,1,2,212,5,Potential
CS-2250,2,4,1917.624,4,1,2,412,7,Loyal
CS-2355,55,9,1307.16,2,2,1,221,5,Potential
CS-2400,11,5,2293.17,4,1,2,412,7,Loyal
CS-2460,202,8,2671.227,1,2,2,122,5,Potential
CS-2490,169,3,1664.13,1,1,1,111,3,At Risk
CS-2505,50,7,1894.5,2,2,2,222,6,Potential
CT-11995,28,27,13715.79704,3,4,4,344,11,Champions
CT-1995,783,2,422.778,1,1,1,111,3,At Risk
CV-12295,39,20,9042.26818,2,3,3,233,8,Loyal
CV-12805,4,20,9764.1306,4,3,3,433,10,Champions
CV-2295,85,9,1283.241,2,2,1,221,5,Potential
CV-2805,257,7,5088.852,1,2,2,122,5,Potential
CW-11905,8,25,12917.6316,4,3,3,433,10,Champions
CW-1905,384,4,1436.31,1,1,1,111,3,At Risk
CY-12745,60,31,13928.4683,2,4,4,244,10,Champions
CY-2745,492,4,293.034,1,1,1,111,3,At Risk
Co-12640,4,25,12279.23076,4,3,3,433,10,Champions
Co-2640,362,5,767.637,1,1,1,111,3,At Risk
DA-13450,13,25,13035.368260000001,4,3,3,433,10,Champions
DA-3450,14,4,2212.05,4,1,2,412,7,Loyal
DB-12910,2,27,12338.2837,4,4,3,443,11,Champions
DB-12970,217,11,9166.2092,1,2,3,123,6,Potential
DB-13060,16,26,23476.91166,3,3,4,334,10,Champions
DB-13120,5,16,5602.59462,4,3,2,432,9,Champions
DB-13210,7,27,13743.5959,4,4,4,444,12,Champions
DB-13270,9,25,11690.3695,4,3,3,433,10,Champions
DB-13360,47,28,6919.81436,2,4,3,243,9,Champions
DB-13405,28,26,16083.95666,3,3,4,334,10,Champions
DB-13555,36,22,9415.2204,2,3,3,233,8,Loyal
DB-13615,27,28,10031.4568,3,4,3,343,10,Champions
DB-13660,12,20,11397.064840000001,4,3,3,433,10,Champions
DB-2910,54,8,3051.18,2,2,2,222,6,Potential
DB-2970,57,4,513.03,2,1,1,211,4,At Risk
DB-3060,8,8,2070.258,4,2,2,422,8,Loyal
DB-3120,358,4,671.232,1,1,1,111,3,At Risk
DB-3210,582,7,387.021,1,2,1,121,4,At Risk
DB-3270,48,2,886.23,2,1,1,211,4,At Risk
DB-3360,434,2,3691.53,1,1,2,112,4,At Risk
DB-3405,557,2,548.682,1,1,1,111,3,At Risk
DB-3555,5,3,971.1120000000001,4,1,1,411,6,Potential
DB-3615,107,4,2824.152,1,1,2,112,4,At Risk
DB-3660,237,3,2207.712,1,1,2,112,4,At Risk
DC-12850,37,29,9307.3655,2,4,3,243,9,Champions
DC-13285,18,23,16164.6499,3,3,4,334,10,Champions
DC-2850,34,9,4131.144,3,2,2,322,7,Loyal
DC-3285,392,4,800.004,1,1,1,111,3,At Risk
DD-13570,41,24,8741.4648,2,3,3,233,8,Loyal
DD-3570,63,8,2331.4139999999998,2,2,2,222,6,Potential
DE-13255,19,22,10085.789999999999,3,3,3,333,9,Champions
DE-3255,48,8,2714.49,2,2,2,222,6,Potential
DF-13135,9,18,10240.3839,4,3,3,433,10,Champions
DF-3135,43,4,1301.652,2,1,1,211,4,At Risk
DG-13300,30,28,13731.428,3,4,4,344,11,Champions
DG-3300,14,6,2982.312,4,1,2,412,7,Loyal
DH-13075,75,25,14128.6781,2,3,4,234,9,Champions
DH-13675,21,17,7817.3085,3,3,3,333,9,Champions
DH-3075,159,10,2063.682,1,2,2,122,5,Potential
DH-3675,20,12,4661.844,3,2,2,322,7,Loyal
DJ-13420,22,28,22142.43114,3,4,4,344,11,Champions
DJ-13510,6,31,15420.2879,4,4,4,444,12,Champions
DJ-13630,12,27,12560.130000000001,4,4,3,443,11,Champions
DJ-3420,1,4,419.64,4,1,1,411,6,Potential
DJ-3510,6,7,5976.6900000000005,4,2,2,422,8,Loyal
DJ-3630,34,6,1293.9479999999999,3,1,1,311,5,Potential
DK-12835,21,32,17590.5547,3,4,4,344,11,Champions
DK-12895,45,22,18340.62916,2,3,4,234,9,Champions
DK-12985,1,35,14823.9685,4,4,4,444,12,Champions
DK-13090,8,36,19178.6392,4,4,4,444,12,Champions
DK-13150,10,22,15983.711,4,3,4,434,11,Champions
DK-13225,1,29,9246.4686,4,4,3,443,11,Champions
DK-13375,4,26,16258.534,4,3,4,434,11,Champions
DK-2835,21,11,3373.143,3,2,2,322,7,Loyal
DK-2895,146,6,1292.13,1,1,1,111,3,At Risk
DK-2985,1206,1,81.432,1,1,1,111,3,At Risk
DK-3090,68,3,273.76800000000003,2,1,1,211,4,At Risk
DK-3150,57,14,1577.874,2,2,1,221,5,Potential
DK-3225,65,8,1407.984,2,2,1,221,5,Potential
DK-3375,117,10,3846.78,1,2,2,122,5,Potential
DL-12865,57,34,11185.7181,2,4,3,243,9,Champions
DL-12925,57,21,11364.6808,2,3,3,233,8,Loyal
DL-13315,18,27,18505.6005,3,4,4,344,11,Champions
DL-13330,12,34,16781.631,4,4,4,444,12,Champions
DL-13495,22,27,15872.184000000001,3,4,4,344,11,Champions
DL-2865,202,7,1502.964,1,2,1,121,4,At Risk
DL-2925,37,7,831.996,2,2,1,221,5,Potential
DL-3315,47,6,1746.87,2,1,2,212,5,Potential
DL-3330,705,3,1159.3500000000001,1,1,1,111,3,At Risk
DL-3495,282,5,773.604,1,1,1,111,3,At Risk
DM-12955,40,32,19862.57592,2,4,4,244,10,Champions
DM-13015,5,30,15626.5318,4,4,4,444,12,Champions
DM-13345,2,27,17054.8905,4,4,4,444,12,Champions
DM-13525,35,19,9640.38168,3,3,3,333,9,Champions
DM-2955,12,9,2437.407,4,2,2,422,8,Loyal
DM-3015,2,6,2105.79,4,1,2,412,7,Loyal
DM-3345,145,6,4998.42,1,1,2,112,4,At Risk
DM-3525,321,6,2191.266,1,1,2,112,4,At Risk
DN-13690,19,24,13098.338,3,3,3,333,9,Champions
DN-3690,12,5,1815.954,4,1,2,412,7,Loyal
DO-13435,64,32,15280.8855,2,4,4,244,10,Champions
DO-13645,26,25,12083.48092,3,3,3,333,9,Champions
DO-3435,36,10,3515.73,2,2,2,222,6,Potential
DO-3645,41,5,1689.252,2,1,2,212,5,Potential
DP-13000,61,31,13882.7624,2,4,4,244,10,Champions
DP-13105,6,25,18930.032199999998,4,3,4,434,11,Champions
DP-13165,7,25,22211.28212,4,3,4,434,11,Champions
DP-13390,0,27,10282.7912,4,4,3,443,11,Champions
DP-3000,14,10,2093.61,4,2,2,422,8,Loyal
DP-3105,64,6,6970.715999999999,2,1,3,213,6,Potential
DP-3165,7,6,1517.952,4,1,1,411,6,Potential
DP-3390,12,6,1376.1299999999999,4,1,1,411,6,Potential
DR-12880,3,32,14415.3383,4,4,4,444,12,Champions
DR-12940,27,33,25641.46492,3,4,4,344,11,Champions
DR-2880,4,8,2291.463,4,2,2,422,8,Loyal
DR-2940,39,8,2288.4,2,2,2,222,6,Potential
DS-13030,93,26,11644.2965,2,3,3,233,8,Loyal
DS-13180,14,31,13447.412,4,4,4,444,12,Champions
DS-3030,48,6,1636.512,2,1,1,211,4,At Risk
DS-3180,71,2,185.136,2,1,1,211,4,At Risk
DV-13045,19,24,18106.01292,3,3,4,334,10,Champions
DV-13465,29,20,12910.87688,3,3,3,333,9,Champions
DV-3045,33,13,4640.319,3,2,2,322,7,Loyal
DV-3465,13,5,4037.82,4,1,2,412,7,Loyal
DW-13195,6,26,9689.3171,4,3,3,433,10,Champions
DW-13480,65,23,16336.8556,2,3,4,234,9,Champions
DW-13540,12,20,13166.414999999999,4,3,4,434,11,Champions
DW-13585,5,37,12143.0436,4,4,3,443,11,Champions
DW-3195,1063,4,1241.2259999999999,1,1,1,111,3,At Risk
DW-3480,55,12,7118.106000000001,2,2,3,223,7,Loyal
DW-3540,54,4,1216.587,2,1,1,211,4,At Risk
DW-3585,28,4,461.87399999999997,3,1,1,311,5,Potential
Dl-13600,5,20,11912.7634,4,3,3,433,10,Champions
Dl-3600,111,10,2809.056,1,2,2,122,5,Potential
Dp-13240,18,28,22225.61032,3,4,4,344,11,Champions
Dp-3240,25,7,609.3,3,2,1,321,6,Potential
EA-14035,93,31,11387.06772,2,4,3,243,9,Champions
EA-4035,165,3,131.808,1,1,1,111,3,At Risk
EB-13705,48,30,12382.284099999999,2,4,3,243,9,Champions
EB-13750,32,20,8489.991,3,3,3,333,9,Champions
EB-13840,2,25,20188.15894,4,3,4,434,11,Champions
EB-13870,15,19,6850.983700000001,3,3,3,333,9,Champions
EB-13930,19,18,9533.9519,3,3,3,333,9,Champions
EB-13975,0,32,13405.6013,4,4,4,444,12,Champions
EB-14110,35,24,13665.4673,3,3,4,334,10,Champions
EB-14170,19,23,6736.4391,3,3,3,333,9,Champions
EB-3705,398,3,3141.63,1,1,2,112,4,At Risk
EB-3750,184,6,939.153,1,1,1,111,3,At Risk
EB-3840,43,6,1797.738,2,1,2,212,5,Potential
EB-3870,497,5,184.872,1,1,1,111,3,At Risk
EB-3930,7,9,2433.516,4,2,2,422,8,Loyal
EB-3975,35,9,2713.62,3,2,2,322,7,Loyal
EB-4110,20,10,2417.757,3,2,2,322,7,Loyal
EB-4170,54,6,1267.6200000000001,2,1,1,211,4,At Risk
EC-14050,53,19,4430.2361,2,3,2,232,7,Loyal
EC-4050,162,7,2301.315,1,2,2,122,5,Potential
ED-13885,15,31,18018.879,3,4,4,344,11,Champions
ED-3885,56,8,525.474,2,2,1,221,5,Potential
EG-13900,22,21,16562.35068,3,3,4,334,10,Champions
EG-3900,51,11,6549.951,2,2,3,223,7,Loyal
EH-13765,2,29,20259.916,4,4,4,444,12,Champions
EH-13945,57,27,7832.68602,2,4,3,243,9,Champions
EH-13990,44,26,8807.0846,2,3,3,233,8,Loyal
EH-14005,2,28,10374.9381,4,4,3,443,11,Champions
EH-14125,102,31,17408.31362,1,4,4,144,9,Champions
EH-14185,67,29,12800.51382,2,4,3,243,9,Champions
EH-3765,128,9,1010.382,1,2,1,121,4,At Risk
EH-3945,111,9,2518.74,1,2,2,122,5,Potential
EH-3990,33,6,672.489,3,1,1,311,5,Potential
EH-4005,196,7,2629.674,1,2,2,122,5,Potential
EH-4125,22,13,5012.22,3,2,2,322,7,Loyal
EH-4185,121,8,3577.77,1,2,2,122,5,Potential
EJ-13720,49,22,8969.44,2,3,3,233,8,Loyal
EJ-14155,27,23,12324.8446,3,3,3,333,9,Champions
EJ-3720,156,8,1727.964,1,2,2,122,5,Potential
EJ-4155,22,5,2631.99,3,1,2,312,6,Potential
EK-13795,44,17,5597.3462,2,3,2,232,7,Loyal
EK-3795,212,6,1531.083,1,1,1,111,3,At Risk
EL-13735,53,23,10515.862000000001,2,3,3,233,8,Loyal
EL-3735,26,11,3691.392,3,2,2,322,7,Loyal
EM-13810,78,23,13549.72804,2,3,4,234,9,Champions
EM-13825,55,26,14128.078160000001,2,3,4,234,9,Champions
EM-13960,2,37,25228.52948,4,4,4,444,12,Champions
EM-14065,16,17,12108.30958,3,3,3,333,9,Champions
EM-14095,8,17,10889.6997,4,3,3,433,10,Champions
EM-14140,24,30,21507.29126,3,4,4,344,11,Champions
EM-14200,41,23,17087.77766,2,3,4,234,9,Champions
EM-3810,58,6,1032.879,2,1,1,211,4,At Risk
EM-3825,482,6,378.258,1,1,1,111,3,At Risk
EM-3960,194,8,2855.874,1,2,2,122,5,Potential
EM-4065,52,9,3213.246,2,2,2,222,6,Potential
EM-4095,131,9,2833.56,1,2,2,122,5,Potential
EM-4140,93,6,1900.791,2,1,2,212,5,Potential
EM-4200,151,4,2585.898,1,1,2,112,4,At Risk
EN-13780,14,20,6333.9164,4,3,3,433,10,Champions
EN-3780,205,8,734.856,1,2,1,121,4,At Risk
EP-13915,12,33,16283.35774,4,4,4,444,12,Champions
EP-3915,75,3,487.95000000000005,2,1,1,211,4,At Risk
ER-13855,69,19,13396.0,2,3,4,234,9,Champions
ER-3855,53,7,3736.296,2,2,2,222,6,Potential
ES-14020,0,32,12827.272939999999,4,4,3,443,11,Champions
ES-14080,28,24,16236.0058,3,3,4,334,10,Champions
ES-4020,28,7,1892.778,3,2,2,322,7,Loyal
ES-4080,145,9,1925.544,1,2,2,122,5,Potential
FA-14230,22,29,13535.0628,3,4,4,344,11,Champions
FA-4230,184,6,814.572,1,1,1,111,3,At Risk
FC-14245,42,23,10867.8088,2,3,3,233,8,Loyal
FC-14335,107,23,8770.73964,1,3,3,133,7,Loyal
FC-4245,491,6,1540.6380000000001,1,1,1,111,3,At Risk
FC-4335,110,4,550.95,1,1,1,111,3,At Risk
FG-14260,34,18,9396.5055,3,3,3,333,9,Champions
FG-4260,110,9,308.211,1,2,1,121,4,At Risk
FH-14275,4,23,13569.566,4,3,4,434,11,Champions
FH-14350,1,20,10654.52882,4,3,3,433,10,Champions
FH-14365,1,30,27649.32652,4,4,4,444,12,Champions
FH-4275,134,5,113.064,1,1,1,111,3,At Risk
FH-4350,14,3,110.481,4,1,1,411,6,Potential
FH-4365,166,9,2751.348,1,2,2,122,5,Potential
FM-14215,7,31,14353.3978,4,4,4,444,12,Champions
FM-14290,36,30,14382.319220000001,2,4,4,244,10,Champions
FM-14380,145,21,6598.3976999999995,1,3,3,133,7,Loyal
FM-4215,96,6,2935.614,2,1,2,212,5,Potential
FM-4290,2,8,2002.71,4,2,2,422,8,Loyal
FM-4380,1,6,843.54,4,1,1,411,6,Potential
FO-14305,22,37,15614.2155,3,4,4,344,11,Champions
FO-4305,51,10,2158.446,2,2,2,222,6,Potential
FP-14320,23,29,9939.0502,3,4,3,343,10,Champions
FP-4320,27,5,816.582,3,1,1,311,5,Potential
FW-14395,63,26,16972.7481,2,3,4,234,9,Champions
FW-4395,0,8,1220.811,4,2,1,421,7,Loyal
GA-14515,22,24,12488.67232,3,3,3,333,9,Champions
GA-14725,2,24,8817.5455,4,3,3,433,10,Champions
GA-4515,35,7,1318.389,3,2,1,321,6,Potential
GA-4725,70,4,1460.796,2,1,1,211,4,At Risk
GB-14530,33,25,11657.753,3,3,3,333,9,Champions
GB-14575,13,24,10748.99238,4,3,3,433,10,Champions
GB-4530,113,5,525.9,1,1,1,111,3,At Risk
GB-4575,209,6,1821.912,1,1,2,112,4,At Risk
GD-14590,5,29,18005.0006,4,4,4,444,12,Champions
GD-4590,352,4,700.692,1,1,1,111,3,At Risk
GG-14650,33,28,12902.96276,3,4,3,343,10,Champions
GG-4650,103,5,1000.422,1,1,1,111,3,At Risk
GH-14410,20,36,13659.59598,3,4,4,344,11,Champions
GH-14425,18,31,20039.763,3,4,4,344,11,Champions
GH-14485,51,21,14692.6742,2,3,4,234,9,Champions
GH-14665,2,29,12921.45162,4,4,3,443,11,Champions
GH-4410,297,9,1610.22,1,2,1,121,4,At Risk
GH-4425,21,10,4585.83,3,2,2,322,7,Loyal
GH-4485,85,4,794.622,2,1,1,211,4,At Risk
GH-4665,1,9,1077.069,4,2,1,421,7,Loyal
GK-14620,12,24,19215.7699,4,3,4,434,11,Champions
GK-4620,100,4,764.601,1,1,1,111,3,At Risk
GM-14440,19,26,15782.46188,3,3,4,334,10,Champions
GM-14455,16,17,10523.649,3,3,3,333,9,Champions
GM-14500,106,23,6704.18562,1,3,3,133,7,Loyal
GM-14680,1,31,12010.60944,4,4,3,443,11,Champions
GM-14695,47,19,14564.942000000001,2,3,4,234,9,Champions
GM-4440,1,8,735.216,4,2,1,421,7,Loyal
GM-4455,208,4,488.43,1,1,1,111,3,At Risk
GM-4500,104,5,4298.37,1,1,2,112,4,At Risk
GM-4680,72,6,1590.402,2,1,1,211,4,At Risk
GM-4695,222,7,791.502,1,2,1,121,4,At Risk
GP-14740,1,25,10793.729,4,3,3,433,10,Champions
GP-4740,151,8,4610.103,1,2,2,122,5,Potential
GR-14560,49,24,8895.05754,2,3,3,233,8,Loyal
GR-4560,153,6,4955.5289999999995,1,1,2,112,4,At Risk
GT-14635,56,20,19080.34784,2,3,4,234,9,Champions
GT-14710,8,30,34471.89028,4,4,4,444,12,Champions
GT-14755,34,23,5601.70652,3,3,2,332,8,Loyal
GT-4635,9,7,1145.01,4,2,1,421,7,Loyal
GT-4710,55,4,1079.0639999999999,2,1,1,211,4,At Risk
GT-4755,0,8,3457.578,4,2,2,422,8,Loyal
GW-14605,18,25,16239.4915,3,3,4,334,10,Champions
GW-4605,14,8,1830.789,4,2,2,422,8,Loyal
GZ-14470,7,35,20869.699,4,4,4,444,12,Champions
GZ-14545,76,24,11593.7308,2,3,3,233,8,Loyal
GZ-4470,147,8,3835.626,1,2,2,122,5,Potential
GZ-4545,30,6,3698.388,3,1,2,312,6,Potential
HA-14905,69,24,15826.81444,2,3,4,234,9,Champions
HA-14920,20,25,9740.3981,3,3,3,333,9,Champions
HA-4905,13,4,1106.604,4,1,1,411,6,Potential
HA-4920,90,6,670.674,2,1,1,211,4,At Risk
HD-14785,42,29,16749.140199999998,2,4,4,244,10,Champions
HD-4785,106,7,3325.6079999999997,1,2,2,122,5,Potential
HE-14800,6,27,9902.49522,4,4,3,443,11,Champions
HE-4800,36,8,1091.3220000000001,2,2,1,221,5,Potential
HF-14995,14,28,9712.8699,4,4,3,443,11,Champions
HF-4995,390,8,2099.973,1,2,2,122,5,Potential
HG-14845,12,30,21228.55452,4,4,4,444,12,Champions
HG-14965,23,34,16810.6866,3,4,4,344,11,Champions
HG-15025,6,29,14737.8066,4,4,4,444,12,Champions
HG-4845,141,9,2987.898,1,2,2,122,5,Potential
HG-4965,99,5,354.588,2,1,1,211,4,At Risk
HG-5025,23,7,1476.612,3,2,1,321,6,Potential
HH-15010,54,24,13731.73782,2,3,4,234,9,Champions
HH-5010,196,3,1497.57,1,1,1,111,3,At Risk
HJ-14875,5,32,14312.7962,4,4,4,444,12,Champions
HJ-4875,310,6,1121.22,1,1,1,111,3,At Risk
HK-14890,43,27,13886.4431,2,4,4,244,10,Champions
HK-4890,56,6,1656.966,2,1,1,211,4,At Risk
HL-15040,30,20,29664.23058,3,3,4,334,10,Champions
HL-5040,188,4,579.336,1,1,1,111,3,At Risk
HM-14860,1,37,27434.1676,4,4,4,444,12,Champions
HM-14980,25,29,12718.7916,3,4,3,343,10,Champions
HM-4860,34,4,1042.77,3,1,1,311,5,Potential
HM-4980,464,5,4409.298,1,1,2,112,4,At Risk
HP-14815,30,24,7321.4395,3,3,3,333,9,Champions
HP-4815,63,5,1196.682,2,1,1,211,4,At Risk
HR-14770,13,18,11126.929,4,3,3,433,10,Champions
HR-14830,51,21,9637.15436,2,3,3,233,8,Loyal
HR-4770,187,8,4550.322,1,2,2,122,5,Potential
HR-4830,148,3,391.93800000000005,1,1,1,111,3,At Risk
HW-14935,34,28,17199.202,3,4,4,344,11,Champions
HW-4935,56,7,1174.824,2,2,1,221,5,Potential
HZ-14950,35,22,9656.4048,3,3,3,333,9,Champions
HZ-4950,208,6,2830.4159999999997,1,1,2,112,4,At Risk
IG-15085,13,25,10383.13098,4,3,3,433,10,Champions
IG-5085,1,12,5766.243,4,2,2,422,8,Loyal
IL-15100,116,25,11802.69376,1,3,3,133,7,Loyal
IL-5100,163,7,1052.808,1,2,1,121,4,At Risk
IM-15055,15,15,5154.83976,3,3,2,332,8,Loyal
IM-15070,40,27,17854.10112,2,4,4,244,10,Champions
IM-5055,19,7,4324.95,3,2,2,322,7,Loyal
IM-5070,50,7,2064.066,2,2,2,222,6,Potential
JA-15970,0,25,17105.4707,4,3,4,434,11,Champions
JA-5970,0,7,1057.227,4,2,1,421,7,Loyal
JB-15400,7,34,13085.5039,4,4,3,443,11,Champions
JB-15925,9,19,12325.28696,4,3,3,433,10,Champions
JB-16000,1,32,22127.18112,4,4,4,444,12,Champions
JB-16045,0,24,13851.27568,4,3,4,434,11,Champions
JB-5400,82,7,2172.0299999999997,2,2,2,222,6,Potential
JB-5925,22,8,1012.092,3,2,1,321,6,Potential
JB-6000,174,7,1881.006,1,2,2,122,5,Potential
JB-6045,28,10,3235.656,3,2,2,322,7,Loyal
JC-15340,34,29,17836.2846,3,4,4,344,11,Champions
JC-15385,8,25,12978.930919999999,4,3,3,433,10,Champions
JC-15775,1,25,10582.78504,4,3,3,433,10,Champions
JC-16105,57,28,11079.10488,2,4,3,243,9,Champions
JC-5340,142,6,606.105,1,1,1,111,3,At Risk
JC-5385,15,9,3183.0750000000003,3,2,2,322,7,Loyal
JC-5775,13,5,1712.487,4,1,2,412,7,Loyal
JC-6105,102,6,3914.94,1,1,2,112,4,At Risk
JD-15790,15,24,10267.74976,3,3,3,333,9,Champions
JD-15895,6,32,16711.32422,4,4,4,444,12,Champions
JD-16015,48,24,8690.6293,2,3,3,233,8,Loyal
JD-16060,65,19,7683.04096,2,3,3,233,8,Loyal
JD-16150,0,28,18281.84948,4,4,4,444,12,Champions
JD-5790,299,5,1323.072,1,1,1,111,3,At Risk
JD-5895,2,6,2770.4339999999997,4,1,2,412,7,Loyal
JD-6015,42,8,2652.7799999999997,2,2,2,222,6,Potential
JD-6060,140,9,3541.44,1,2,2,122,5,Potential
JD-6150,21,6,5329.7699999999995,3,1,2,312,6,Potential
JE-15475,35,22,5905.076,3,3,2,332,8,Loyal
JE-15610,42,26,13192.6924,2,3,4,234,9,Champions
JE-15715,9,36,22275.2689,4,4,4,444,12,Champions
JE-15745,32,35,19629.12896,3,4,4,344,11,Champions
JE-16165,20,20,8352.71836,3,3,3,333,9,Champions
JE-5475,27,8,914.178,3,2,1,321,6,Potential
JE-5610,175,6,756.855,1,1,1,111,3,At Risk
JE-5715,86,7,180.29999999999998,2,2,1,221,5,Potential
JE-5745,194,7,2275.5,1,2,2,122,5,Potential
JE-6165,36,8,4555.716,2,2,2,222,6,Potential
JF-15190,6,28,17064.7075,4,4,4,444,12,Champions
JF-15295,56,24,20382.2503,2,3,4,234,9,Champions
JF-15355,13,22,7343.566,4,3,3,433,10,Champions
JF-15415,2,23,14717.46588,4,3,4,434,11,Champions
JF-15490,4,30,9234.53286,4,4,3,443,11,Champions
JF-15565,1,29,19844.14866,4,4,4,444,12,Champions
JF-5190,149,8,3510.1679999999997,1,2,2,122,5,Potential
JF-5295,63,8,2433.942,2,2,2,222,6,Potential
JF-5355,96,9,3475.7639999999997,2,2,2,222,6,Potential
JF-5415,37,11,8227.02,2,2,3,223,7,Loyal
JF-5490,99,7,1487.385,2,2,1,221,5,Potential
JF-5565,420,6,3776.7000000000003,1,1,2,112,4,At Risk
JG-15115,68,19,12801.82588,2,3,3,233,8,Loyal
JG-15160,1,32,19963.41,4,4,4,444,12,Champions
JG-15310,2,24,12733.7039,4,3,3,433,10,Champions
JG-15805,0,37,22015.3862,4,4,4,444,12,Champions
JG-5115,5,9,2907.678,4,2,2,422,8,Loyal
JG-5160,16,8,1588.116,3,2,1,321,6,Potential
JG-5310,43,5,836.994,2,1,1,211,4,At Risk
JG-5805,133,3,208.38,1,1,1,111,3,At Risk
JH-15430,5,31,11806.1963,4,4,3,443,11,Champions
JH-15820,13,31,23586.7205,4,4,4,444,12,Champions
JH-15910,41,32,12532.7177,2,4,3,243,9,Champions
JH-15985,11,38,18863.4044,4,4,4,444,12,Champions
JH-16180,50,31,18267.0064,2,4,4,244,10,Champions
JH-5430,7,9,883.476,4,2,1,421,7,Loyal
JH-5820,42,7,2359.011,2,2,2,222,6,Potential
JH-5910,40,8,4013.994,2,2,2,222,6,Potential
JH-5985,52,7,2073.48,2,2,2,222,6,Potential
JH-6180,27,9,5651.8949999999995,3,2,2,322,7,Loyal
JJ-15445,33,19,9696.8474,3,3,3,333,9,Champions
JJ-15760,2,28,18103.64108,4,4,4,444,12,Champions
JJ-5445,19,6,2490.204,3,1,2,312,6,Potential
JJ-5760,268,6,1890.126,1,1,2,112,4,At Risk
JK-15205,61,24,10917.0012,2,3,3,233,8,Loyal
JK-15325,77,28,17000.84332,2,4,4,244,10,Champions
JK-15370,1,27,10189.51404,4,4,3,443,11,Champions
JK-15625,1,27,12754.4081,4,4,3,443,11,Champions
JK-15640,0,26,12637.4495,4,3,3,433,10,Champions
JK-15730,48,34,20825.892,2,4,4,244,10,Champions
JK-16090,8,33,21918.73684,4,4,4,444,12,Champions
JK-16120,97,26,13134.71664,2,3,4,234,9,Champions
JK-5205,591,5,1617.6,1,1,1,111,3,At Risk
JK-5325,460,3,203.38799999999998,1,1,1,111,3,At Risk
JK-5370,144,6,3211.452,1,1,2,112,4,At Risk
JK-5625,316,8,4364.763,1,2,2,122,5,Potential
JK-5640,173,4,428.43,1,1,1,111,3,At Risk
JK-5730,483,6,5862.87,1,1,2,112,4,At Risk
JK-6090,12,5,1215.516,4,1,1,411,6,Potential
JK-6120,140,6,2513.07,1,1,2,112,4,At Risk
JL-15130,8,28,12908.49914,4,4,3,443,11,Champions
JL-15175,6,27,13499.87246,4,4,4,444,12,Champions
JL-15235,13,24,18725.38964,4,3,4,434,11,Champions
JL-15505,30,22,8631.695,3,3,3,333,9,Champions
JL-15835,21,30,22594.043,3,4,4,344,11,Champions
JL-15850,44,22,8497.68,2,3,3,233,8,Loyal
JL-5130,197,12,5765.400000000001,1,2,2,122,5,Potential
JL-5175,124,5,1353.09,1,1,1,111,3,At Risk
JL-5235,1,4,1751.712,4,1,2,412,7,Loyal
JL-5505,341,3,2729.3399999999997,1,1,2,112,4,At Risk
JL-5835,54,7,3388.275,2,2,2,222,6,Potential
JL-5850,697,4,2003.598,1,1,2,112,4,At Risk
JM-15250,35,24,15594.46182,3,3,4,334,10,Champions
JM-15265,37,29,15036.5537,2,4,4,244,10,Champions
JM-15535,14,20,6942.403,4,3,3,433,10,Champions
JM-15580,0,24,13295.857,4,3,4,434,11,Champions
JM-15655,8,34,16294.727060000001,4,4,4,444,12,Champions
JM-15865,68,29,20841.946500000002,2,4,4,244,10,Champions
JM-16195,57,25,7825.5646,2,3,3,233,8,Loyal
JM-5250,6,5,2424.201,4,1,2,412,7,Loyal
JM-5265,120,4,1131.912,1,1,1,111,3,At Risk
JM-5535,243,5,847.827,1,1,1,111,3,At Risk
JM-5580,49,5,880.3230000000001,2,1,1,211,4,At Risk
JM-5655,122,8,3602.67,1,2,2,122,5,Potential
JM-5865,70,6,1544.268,2,1,1,211,4,At Risk
JM-6195,12,8,1200.492,4,2,1,421,7,Loyal
JO-15145,57,23,10440.976,2,3,3,233,8,Loyal
JO-15280,14,21,7123.5651,4,3,3,433,10,Champions
JO-15550,71,19,4002.8940000000002,2,3,2,232,7,Loyal
JO-5145,5,6,2904.714,4,1,2,412,7,Loyal
JO-5280,19,4,1694.8500000000001,3,1,2,312,6,Potential
JO-5550,12,9,4203.78,4,2,2,422,8,Loyal
JP-15460,36,26,10916.36982,2,3,3,233,8,Loyal
JP-15520,8,26,16429.04996,4,3,4,434,11,Champions
JP-16135,43,34,10163.5086,2,4,3,243,9,Champions
JP-5460,188,10,3294.018,1,2,2,122,5,Potential
JP-5520,112,4,2227.524,1,1,2,112,4,At Risk
JP-6135,26,8,4432.650000000001,3,2,2,322,7,Loyal
JR-15670,12,20,13338.0916,4,3,4,434,11,Champions
JR-15700,7,18,9568.31976,4,3,3,433,10,Champions
JR-16210,18,21,12589.959,3,3,3,333,9,Champions
JR-5670,128,6,2585.034,1,1,2,112,4,At Risk
JR-5700,13,6,1673.163,4,1,1,411,6,Potential
JR-6210,37,6,1033.29,2,1,1,211,4,At Risk
JS-15595,5,18,9334.6385,4,3,3,433,10,Champions
JS-15685,40,26,14338.5195,2,4,4,244,10,Champions
JS-15880,11,20,10443.1001,4,3,3,433,10,Champions
JS-15940,5,15,3874.766,4,3,2,432,9,Champions
JS-16030,21,32,19218.81298,3,4,4,344,11,Champions
JS-5595,679,6,806.691,1,1,1,111,3,At Risk
JS-5685,142,5,1944.06,1,1,2,112,4,At Risk
JS-5880,208,6,1745.997,1,1,2,112,4,At Risk
JS-5940,23,13,2927.3399999999997,3,2,2,322,7,Loyal
JS-6030,218,4,1573.038,1,1,1,111,3,At Risk
JW-15220,12,34,23103.7263,4,4,4,444,12,Champions
JW-15955,5,30,10640.8287,4,4,3,443,11,Champions
JW-16075,1,25,19852.773,4,3,4,434,11,Champions
JW-5220,100,6,7184.724,1,1,3,113,5,Potential
JW-5955,106,2,307.8,1,1,1,111,3,At Risk
JW-6075,266,4,747.21,1,1,1,111,3,At Risk
KA-16525,16,35,17449.90012,3,4,4,344,11,Champions
KA-6525,93,7,1429.884,2,2,1,221,5,Potential
KB-16240,4,27,9900.698,4,4,3,443,11,Champions
KB-16315,2,29,14542.76228,4,4,4,444,12,Champions
KB-16405,19,28,13786.0925,3,4,4,344,11,Champions
KB-16585,93,27,16385.749499999998,2,4,4,244,10,Champions
KB-16600,1,25,10295.9567,4,3,3,433,10,Champions
KB-6240,201,7,1945.32,1,2,2,122,5,Potential
KB-6315,22,11,2957.715,3,2,2,322,7,Loyal
KB-6405,387,3,238.548,1,1,1,111,3,At Risk
KB-6585,371,2,216.78000000000003,1,1,1,111,3,At Risk
KB-6600,9,11,1167.738,4,2,1,421,7,Loyal
KC-16255,44,27,9321.9643,2,4,3,243,9,Champions
KC-16540,41,25,18897.130259999998,2,3,4,234,9,Champions
KC-16675,2,23,13531.28104,4,3,4,434,11,Champions
KC-6255,57,8,1094.358,2,2,1,221,5,Potential
KC-6540,33,7,505.893,3,2,1,321,6,Potential
KC-6675,19,3,391.842,3,1,1,311,5,Potential
KD-16270,36,29,23204.2675,2,4,4,244,10,Champions
KD-16345,41,15,11157.0404,2,3,3,233,8,Loyal
KD-16495,46,36,24996.5031,2,4,4,244,10,Champions
KD-16615,75,24,12348.44362,2,3,3,233,8,Loyal
KD-6270,811,1,813.06,1,1,1,111,3,At Risk
KD-6345,57,6,536.46,2,1,1,211,4,At Risk
KD-6495,398,4,1454.76,1,1,1,111,3,At Risk
KD-6615,186,3,205.98,1,1,1,111,3,At Risk
KE-16420,26,31,12928.68672,3,4,3,343,10,Champions
KE-6420,251,4,622.452,1,1,1,111,3,At Risk
KF-16285,37,21,15164.8685,2,3,4,234,9,Champions
KF-6285,32,9,3100.152,3,2,2,322,7,Loyal
KH-16330,16,26,15045.6445,3,4,4,344,11,Champions
KH-16360,1,28,9983.5094,4,4,3,443,11,Champions
KH-16510,22,26,15340.396,3,4,4,344,11,Champions
KH-16630,8,27,7220.70456,4,4,3,443,11,Champions
KH-16690,2,39,18158.4601,4,4,4,444,12,Champions
KH-6330,19,13,3371.208,3,2,2,322,7,Loyal
KH-6360,100,7,2221.365,1,2,2,122,5,Potential
KH-6510,15,7,1544.34,3,2,1,321,6,Potential
KH-6630,326,5,1795.866,1,1,2,112,4,At Risk
KH-6690,238,7,1696.014,1,2,2,122,5,Potential
KL-16555,15,26,12064.3877,3,4,3,343,10,Champions
KL-16645,47,28,22553.1085,2,4,4,244,10,Champions
KL-6555,175,7,2184.06,1,2,2,122,5,Potential
KL-6645,0,5,1576.296,4,1,1,411,6,Potential
KM-16225,0,18,7754.5516,4,3,3,433,10,Champions
KM-16375,2,28,16394.46064,4,4,4,444,12,Champions
KM-16660,15,29,10785.2626,3,4,3,343,10,Champions
KM-16720,28,23,14041.02,3,3,4,334,10,Champions
KM-6225,371,3,891.3629999999999,1,1,1,111,3,At Risk
KM-6375,321,5,2124.699,1,1,2,112,4,At Risk
KM-6660,30,3,188.544,3,1,1,311,5,Potential
KM-6720,349,3,2928.654,1,1,2,112,4,At Risk
KN-16390,19,29,19350.14634,3,4,4,344,11,Champions
KN-16450,37,26,16294.6981,2,4,4,244,10,Champions
KN-16705,98,19,5884.778,2,3,2,232,7,Loyal
KN-6390,273,3,318.72,1,1,1,111,3,At Risk
KN-6450,93,8,1767.282,2,2,2,222,6,Potential
KN-6705,123,5,4830.858,1,1,2,112,4,At Risk
KS-16300,35,21,5103.36318,3,3,2,332,8,Loyal
KS-6300,106,4,221.61,1,1,1,111,3,At Risk
KT-16465,43,32,15725.0362,2,4,4,244,10,Champions
KT-16480,27,20,6240.6521,3,3,2,332,8,Loyal
KT-6465,105,7,1532.124,1,2,1,121,4,At Risk
KT-6480,84,7,2119.74,2,2,2,222,6,Potential
KW-16435,26,23,15319.9656,3,3,4,334,10,Champions
KW-16570,22,34,9256.0553,3,4,3,343,10,Champions
KW-6435,147,4,427.28999999999996,1,1,1,111,3,At Risk
KW-6570,48,6,2577.7200000000003,2,1,2,212,5,Potential
LA-16780,13,34,24273.0019,4,4,4,444,12,Champions
LA-6780,1,12,3589.44,4,2,2,422,8,Loyal
LB-16735,9,29,12686.03922,4,4,3,443,11,Champions
LB-16795,39,31,24589.87022,2,4,4,244,10,Champions
LB-6735,137,7,1897.95,1,2,2,122,5,Potential
LB-6795,56,8,1796.115,2,2,2,222,6,Potential
LC-16870,27,21,9859.89236,3,3,3,333,9,Champions
LC-16885,16,29,17058.8144,3,4,4,344,11,Champions
LC-16930,41,26,11660.69496,2,4,3,243,9,Champions
LC-16960,2,22,11812.0975,4,3,3,433,10,Champions
LC-17050,4,23,12933.87382,4,3,3,433,10,Champions
LC-17140,13,30,13128.24376,4,4,3,443,11,Champions
LC-6870,23,8,1220.451,3,2,1,321,6,Potential
LC-6885,209,9,1828.086,1,2,2,122,5,Potential
LC-6930,71,9,5080.688999999999,2,2,2,222,6,Potential
LC-6960,191,8,2487.402,1,2,2,122,5,Potential
LC-7050,6,7,7193.652,4,2,3,423,9,Champions
LC-7140,16,6,2954.43,3,1,2,312,6,Potential
LD-16855,42,30,13361.93258,2,4,4,244,10,Champions
LD-17005,49,27,11461.65464,2,4,3,243,9,Champions
LD-6855,80,8,2822.706,2,2,2,222,6,Potential
LD-7005,43,6,361.686,2,1,1,211,4,At Risk
LE-16810,14,24,10429.2537,4,3,3,433,10,Champions
LE-6810,63,6,1049.52,2,1,1,211,4,At Risk
LF-17185,22,22,12864.7205,3,3,3,333,9,Champions
LF-7185,177,5,556.518,1,1,1,111,3,At Risk
LH-16750,12,22,7945.0902,4,3,3,433,10,Champions
LH-16900,21,29,12098.37728,3,4,3,343,10,Champions
LH-17020,41,18,8189.785800000001,2,3,3,233,8,Loyal
LH-17155,75,29,14063.4898,2,4,4,244,10,Champions
LH-6750,125,5,745.65,1,1,1,111,3,At Risk
LH-6900,306,3,840.792,1,1,1,111,3,At Risk
LH-7020,58,3,973.212,2,1,1,211,4,At Risk
LH-7155,127,8,3228.75,1,2,2,122,5,Potential
LL-16840,26,26,11287.78406,3,4,3,343,10,Champions
LL-6840,35,9,3649.152,3,2,2,322,7,Loyal
LM-17065,84,18,9249.383,2,3,3,233,8,Loyal
LM-7065,7,4,6280.47,4,1,3,413,8,Loyal
LO-17170,2,28,11256.3236,4,4,3,443,11,Champions
LO-7170,4,7,2281.185,4,2,2,422,8,Loyal
LP-17080,40,24,7631.9895,2,3,3,233,8,Loyal
LP-17095,9,26,15598.1516,4,4,4,444,12,Champions
LP-7080,184,7,1831.338,1,2,2,122,5,Potential
LP-7095,0,4,1011.36,4,1,1,411,6,Potential
LR-16915,26,26,22434.08756,3,4,4,344,11,Champions
LR-17035,45,26,16118.9722,2,4,4,244,10,Champions
LR-6915,684,3,468.654,1,1,1,111,3,At Risk
LR-7035,106,9,2677.98,1,2,2,122,5,Potential
LS-16945,27,20,10420.11776,3,3,3,333,9,Champions
LS-16975,20,22,8646.9157,3,3,3,333,9,Champions
LS-17200,15,24,15258.74122,3,3,4,334,10,Champions
LS-17230,4,24,10577.17148,4,3,3,433,10,Champions
LS-17245,34,24,10758.988000000001,3,3,3,333,9,Champions
LS-6945,6,12,2726.034,4,2,2,422,8,Loyal
LS-6975,178,5,716.184,1,1,1,111,3,At Risk
LS-7200,383,4,340.656,1,1,1,111,3,At Risk
LS-7230,99,10,1164.348,2,2,1,221,5,Potential
LS-7245,217,6,953.151,1,1,1,111,3,At Risk
LT-16765,6,30,17253.78294,4,4,4,444,12,Champions
LT-17110,34,26,12986.77316,3,4,3,343,10,Champions
LT-6765,8,4,1365.33,4,1,1,411,6,Potential
LT-7110,55,6,8234.994,2,1,3,213,6,Potential
LW-16825,22,20,9990.855239999999,3,3,3,333,9,Champions
LW-16990,23,23,9111.8495,3,3,3,333,9,Champions
LW-17125,41,16,5369.269,2,3,2,232,7,Loyal
LW-17215,21,24,10529.49144,3,3,3,333,9,Champions
LW-6825,32,11,881.754,3,2,1,321,6,Potential
LW-6990,14,11,1869.771,4,2,2,422,8,Loyal
LW-7125,33,9,2677.341,3,2,2,322,7,Loyal
LW-7215,132,5,1522.014,1,1,1,111,3,At Risk
MA-17560,64,24,10813.79188,2,3,3,233,8,Loyal
MA-17995,42,22,10006.45034,2,3,3,233,8,Loyal
MA-7560,232,4,1628.166,1,1,1,111,3,At Risk
MA-7995,16,11,1928.007,3,2,2,322,7,Loyal
MB-17305,1,27,16729.34532,4,4,4,444,12,Champions
MB-18085,44,30,14744.230880000001,2,4,4,244,10,Champions
MB-7305,22,8,4874.589,3,2,2,322,7,Loyal
MB-8085,11,8,1703.508,4,2,2,422,8,Loyal
MC-17275,44,34,11680.0495,2,4,3,243,9,Champions
MC-17425,23,30,15055.40518,3,4,4,344,11,Champions
MC-17575,27,33,14281.65306,3,4,4,344,11,Champions
MC-17590,51,25,10118.84168,2,3,3,233,8,Loyal
MC-17605,49,26,13019.2019,2,4,3,243,9,Champions
MC-17635,5,34,21113.5107,4,4,4,444,12,Champions
MC-17845,1,31,14947.88402,4,4,4,444,12,Champions
MC-18100,41,33,11353.7466,2,4,3,243,9,Champions
MC-18130,51,23,8532.703,2,3,3,233,8,Loyal
MC-7275,235,5,4301.043,1,1,2,112,4,At Risk
MC-7425,35,5,1489.851,3,1,1,311,5,Potential
MC-7575,9,8,3619.188,4,2,2,422,8,Loyal
MC-7590,336,3,1554.06,1,1,1,111,3,At Risk
MC-7605,195,2,208.41,1,1,1,111,3,At Risk
MC-7635,664,4,695.286,1,1,1,111,3,At Risk
MC-7845,34,4,991.728,3,1,1,311,5,Potential
MC-8100,104,3,659.34,1,1,1,111,3,At Risk
MC-8130,287,5,826.35,1,1,1,111,3,At Risk
MD-17350,26,30,16455.32732,3,4,4,344,11,Champions
MD-17860,36,28,15575.64874,2,4,4,244,10,Champions
MD-7350,82,6,1374.198,2,1,1,211,4,At Risk
MD-7860,103,5,6853.512,1,1,3,113,5,Potential
ME-17320,5,30,24527.029,4,4,4,444,12,Champions
ME-17725,28,28,7839.8866,3,4,3,343,10,Champions
ME-18010,42,27,10547.63192,2,4,3,243,9,Champions
ME-7320,20,10,1720.1879999999999,3,2,2,322,7,Loyal
ME-7725,11,11,2083.875,4,2,2,422,8,Loyal
ME-8010,392,1,160.5,1,1,1,111,3,At Risk
MF-17665,51,29,13366.53134,2,4,4,244,10,Champions
MF-18250,7,32,20425.299600000002,4,4,4,444,12,Champions
MF-7665,48,3,161.91,2,1,1,211,4,At Risk
MF-8250,62,6,1517.5500000000002,2,1,1,211,4,At Risk
MG-17650,19,21,12717.26968,3,3,3,333,9,Champions
MG-17680,36,28,16061.6441,2,4,4,244,10,Champions
MG-17695,0,25,16221.6268,4,3,4,434,11,Champions
MG-17875,5,33,14452.82062,4,4,4,444,12,Champions
MG-17890,5,29,13162.2489,4,4,4,444,12,Champions
MG-18145,2,24,18147.9582,4,3,4,434,11,Champions
MG-18205,2,29,16362.8956,4,4,4,444,12,Champions
MG-7650,495,1,301.71,1,1,1,111,3,At Risk
MG-7680,74,9,4298.478,2,2,2,222,6,Potential
MG-7695,335,7,2104.596,1,2,2,122,5,Potential
MG-7875,403,1,80.19,1,1,1,111,3,At Risk
MG-7890,373,1,19.128,1,1,1,111,3,At Risk
MG-8145,281,3,5229.1140000000005,1,1,2,112,4,At Risk
MG-8205,1,7,1648.944,4,2,1,421,7,Loyal
MH-17290,37,25,13718.69666,2,3,4,234,9,Champions
MH-17440,8,25,7945.0458,4,3,3,433,10,Champions
MH-17455,54,27,9974.27472,2,4,3,243,9,Champions
MH-17620,23,20,11038.31378,3,3,3,333,9,Champions
MH-17785,0,26,11676.13204,4,4,3,443,11,Champions
MH-18025,20,19,11753.7025,3,3,3,333,9,Champions
MH-18115,5,26,12017.105,4,4,3,443,11,Champions
MH-7290,737,3,1685.34,1,1,2,112,4,At Risk
MH-7440,96,8,3357.7799999999997,2,2,2,222,6,Potential
MH-7455,92,10,4747.371,2,2,2,222,6,Potential
MH-7620,245,7,1179.666,1,2,1,121,4,At Risk
MH-7785,7,9,1914.834,4,2,2,422,8,Loyal
MH-8025,14,9,1095.426,4,2,1,421,7,Loyal
MH-8115,58,7,1260.702,2,2,1,221,5,Potential
MJ-17740,21,26,15347.655,3,4,4,344,11,Champions
MJ-7740,159,4,1136.898,1,1,1,111,3,At Risk
MK-17905,21,31,13202.4489,3,4,4,344,11,Champions
MK-18160,22,20,10043.3188,3,3,3,333,9,Champions
MK-7905,149,11,1244.955,1,2,1,121,4,At Risk
MK-8160,40,10,2697.066,2,2,2,222,6,Potential
ML-17395,0,25,14507.07948,4,3,4,434,11,Champions
ML-17410,33,30,14981.7043,3,4,4,344,11,Champions
ML-17755,1,28,14425.1044,4,4,4,444,12,Champions
ML-18040,7,19,8677.599,4,3,3,433,10,Champions
ML-18265,100,26,14674.00116,1,4,4,144,9,Champions
ML-7395,132,7,1049.4,1,2,1,121,4,At Risk
ML-7410,169,3,193.134,1,1,1,111,3,At Risk
ML-7755,26,7,1108.5,3,2,1,321,6,Potential
ML-8040,44,7,1690.896,2,2,2,222,6,Potential
ML-8265,8,9,1170.72,4,2,1,421,7,Loyal
MM-17260,4,26,15713.71812,4,4,4,444,12,Champions
MM-17920,7,33,20383.654,4,4,4,444,12,Champions
MM-18055,15,25,11163.587,3,3,3,333,9,Champions
MM-18280,12,25,7134.304,4,3,3,433,10,Champions
MM-7260,131,5,5510.358,1,1,2,112,4,At Risk
MM-7920,28,6,1350.03,3,1,1,311,5,Potential
MM-8055,33,8,1924.911,3,2,2,322,7,Loyal
MM-8280,71,10,3586.695,2,2,2,222,6,Potential
MN-17935,8,21,12870.93412,4,3,3,433,10,Champions
MN-7935,30,6,2175.33,3,1,2,312,6,Potential
MO-17500,36,24,10314.4082,2,3,3,233,8,Loyal
MO-17800,6,25,13709.1228,4,3,4,434,11,Champions
MO-17950,6,14,4527.392,4,2,2,422,8,Loyal
MO-7500,281,5,810.8699999999999,1,1,1,111,3,At Risk
MO-7800,14,9,4294.2660000000005,4,2,2,422,8,Loyal
MO-7950,98,3,933.192,2,1,1,211,4,At Risk
MP-17470,5,28,12928.8028,4,4,3,443,11,Champions
MP-17965,27,39,17228.4977,3,4,4,344,11,Champions
MP-18175,16,36,22045.252800000002,3,4,4,344,11,Champions
MP-7470,543,2,58.11,1,1,1,111,3,At Risk
MP-7965,196,8,567.093,1,2,1,121,4,At Risk
MP-8175,90,6,2169.174,2,1,2,212,5,Potential
MR-17545,97,23,19246.7123,2,3,4,234,9,Champions
MR-7545,100,6,2325.24,1,2,2,122,5,Potential
MS-17365,5,34,20317.0067,4,4,4,444,12,Champions
MS-17530,15,25,13335.04236,3,3,4,334,10,Champions
MS-17710,29,26,8500.63026,3,4,3,343,10,Champions
MS-17770,34,36,17382.93504,3,4,4,344,11,Champions
MS-17830,23,26,11783.3973,3,4,3,343,10,Champions
MS-17980,26,27,16210.5722,3,4,4,344,11,Champions
MS-7365,111,5,1365.54,1,1,1,111,3,At Risk
MS-7530,51,8,1456.806,2,2,1,221,5,Potential
MS-7710,63,8,1529.46,2,2,1,221,5,Potential
MS-7770,98,6,538.56,2,2,1,221,5,Potential
MS-7830,4,8,4322.904,4,2,2,422,8,Loyal
MS-7980,6,5,1654.644,4,1,1,411,6,Potential
MT-17815,49,27,13845.5188,2,4,4,244,10,Champions
MT-18070,127,24,10920.3999,1,3,3,133,7,Loyal
MT-7815,176,6,1500.588,1,2,1,121,4,At Risk
MT-8070,323,7,6851.922,1,2,3,123,6,Potential
MV-17485,16,27,10563.3673,3,4,3,343,10,Champions
MV-18190,19,30,15577.035600000001,3,4,4,344,11,Champions
MV-7485,470,5,952.536,1,1,1,111,3,At Risk
MV-8190,7,8,3995.04,4,2,2,422,8,Loyal
MW-18220,17,28,20592.081299999998,3,4,4,344,11,Champions
MW-18235,16,24,17933.0609,3,3,4,334,10,Champions
MW-8220,44,8,2476.497,2,2,2,222,6,Potential
MW-8235,0,6,1070.772,4,2,1,421,7,Loyal
MY-17380,29,28,14724.1472,3,4,4,344,11,Champions
MY-18295,0,29,25570.49418,4,4,4,444,12,Champions
MY-7380,322,4,1745.5739999999998,1,1,2,112,4,At Risk
MY-8295,43,10,4072.167,2,2,2,222,6,Potential
MZ-17335,21,26,14463.9343,3,4,4,344,11,Champions
MZ-17515,23,25,13383.976840000001,3,3,4,334,10,Champions
MZ-7335,112,5,3494.226,1,1,2,112,4,At Risk
MZ-7515,78,9,3193.161,2,2,2,222,6,Potential
NB-18580,452,10,4875.5984,1,2,2,122,5,Potential
NB-18655,19,22,9647.2046,3,3,3,333,9,Champions
NB-8580,428,7,1059.477,1,2,1,121,4,At Risk
NB-8655,110,5,434.616,1,1,1,111,3,At Risk
NC-18340,5,22,13905.34712,4,3,4,434,11,Champions
NC-18415,39,19,9255.794,2,3,3,233,8,Loyal
NC-18535,6,22,11054.378,4,3,3,433,10,Champions
NC-18625,20,29,16901.51758,3,4,4,344,11,Champions
NC-8340,35,9,2707.962,3,2,2,322,7,Loyal
NC-8415,106,5,1503.426,1,1,1,111,3,At Risk
NC-8535,138,7,1250.871,1,2,1,121,4,At Risk
NC-8625,461,2,442.32,1,1,1,111,3,At Risk
ND-18370,12,23,10913.15082,4,3,3,433,10,Champions
ND-18460,5,22,12061.44172,4,3,3,433,10,Champions
ND-8370,33,6,2790.234,3,2,2,322,7,Loyal
ND-8460,8,10,2722.98,4,2,2,422,8,Loyal
NF-18385,7,32,28044.3595,4,4,4,444,12,Champions
NF-18475,6,22,10630.9149,4,3,3,433,10,Champions
NF-18595,11,22,10535.301519999999,4,3,3,433,10,Champions
NF-8385,1,11,3736.899,4,2,2,422,8,Loyal
NF-8475,43,7,2019.006,2,2,2,222,6,Potential
NF-8595,512,5,1731.936,1,1,2,112,4,At Risk
NG-18355,48,21,9262.72936,2,3,3,233,8,Loyal
NG-18430,27,28,18970.41454,3,4,4,344,11,Champions
NG-8355,103,7,2746.47,1,2,2,122,5,Potential
NG-8430,18,8,3749.829,3,2,2,322,7,Loyal
NH-18610,20,22,19181.9263,3,3,4,334,10,Champions
NH-8610,5,6,2121.522,4,2,2,422,8,Loyal
NK-18490,26,24,11483.193,3,3,3,333,9,Champions
NK-8490,206,4,2395.35,1,1,2,112,4,At Risk
NL-18310,25,25,10587.3308,3,3,3,333,9,Champions
NL-8310,575,2,251.322,1,1,1,111,3,At Risk
NM-18445,30,32,20223.2359,3,4,4,344,11,Champions
NM-18520,19,27,12328.606,3,4,3,343,10,Champions
NM-8445,33,9,4053.7200000000003,3,2,2,322,7,Loyal
NM-8520,158,1,1540.53,1,1,1,111,3,At Risk
NP-18325,1,25,11778.491,4,3,3,433,10,Champions
NP-18670,58,19,12839.01426,2,3,3,233,8,Loyal
NP-18685,14,30,11363.4332,4,4,3,443,11,Champions
NP-18700,28,27,14036.4335,3,4,4,344,11,Champions
NP-8325,15,8,1336.686,3,2,1,321,6,Potential
NP-8670,226,6,2871.87,1,2,2,122,5,Potential
NP-8685,114,4,4994.849999999999,1,1,2,112,4,At Risk
NP-8700,37,6,1880.622,2,2,2,222,6,Potential
NR-18550,2,26,10993.42058,4,4,3,443,11,Champions
NR-8550,14,8,1898.481,4,2,2,422,8,Loyal
NS-18505,6,25,14834.28974,4,3,4,434,11,Champions
NS-18640,36,37,14866.087,2,4,4,244,10,Champions
NS-8505,13,5,962.8530000000001,4,1,1,411,6,Potential
NS-8640,47,8,1771.437,2,2,2,222,6,Potential
NW-18400,172,26,15326.833059999999,1,4,4,144,9,Champions
NW-8400,117,7,7046.736,1,2,3,123,6,Potential
NZ-18565,85,26,19941.69812,2,4,4,244,10,Champions
NZ-8565,99,4,328.584,2,1,1,211,4,At Risk
ON-18715,47,33,17763.94824,2,4,4,244,10,Champions
ON-8715,459,5,1507.758,1,1,1,111,3,At Risk
OT-18730,33,32,19493.76566,3,4,4,344,11,Champions
OT-8730,242,4,265.05,1,1,1,111,3,At Risk
PA-19060,23,21,6723.23276,3,3,3,333,9,Champions
PA-9060,177,6,3670.581,1,2,2,122,5,Potential
PB-18805,8,19,12075.39774,4,3,3,433,10,Champions
PB-19105,57,16,8087.781,2,3,3,233,8,Loyal
PB-19150,5,33,7907.2555600000005,4,4,3,443,11,Champions
PB-19210,8,27,18967.662,4,4,4,444,12,Champions
PB-8805,120,9,2787.672,1,2,2,122,5,Potential
PB-9105,0,4,1808.208,4,1,2,412,7,Loyal
PB-9150,41,10,3478.443,2,2,2,222,6,Potential
PB-9210,307,7,5302.197,1,2,2,122,5,Potential
PC-18745,2,21,10693.49644,4,3,3,433,10,Champions
PC-19000,21,18,9474.0653,3,3,3,333,9,Champions
PC-8745,57,5,1246.56,2,1,1,211,4,At Risk
PC-9000,572,4,1160.43,1,1,1,111,3,At Risk
PF-19120,84,28,27993.04966,2,4,4,244,10,Champions
PF-19165,91,36,16018.8427,2,4,4,244,10,Champions
PF-19225,2,30,11915.1997,4,4,3,443,11,Champions
PF-9120,83,10,1882.95,2,2,2,222,6,Potential
PF-9165,34,7,2007.642,3,2,2,322,7,Loyal
PF-9225,14,7,1474.272,4,2,1,421,7,Loyal
PG-18820,20,35,14635.9446,3,4,4,344,11,Champions
PG-18895,2,28,13941.6862,4,4,4,444,12,Champions
PG-8820,30,6,1846.56,3,2,2,322,7,Loyal
PG-8895,299,6,1981.302,1,2,2,122,5,Potential
PH-18790,57,19,9435.5663,2,3,3,233,8,Loyal
PH-8790,114,8,1746.8400000000001,1,2,2,122,5,Potential
PJ-18835,39,19,13639.502,2,3,4,234,9,Champions
PJ-19015,19,22,9230.87916,3,3,3,333,9,Champions
PJ-8835,42,6,801.405,2,2,1,221,5,Potential
PJ-9015,196,8,6612.66,1,2,3,123,6,Potential
PK-18910,98,16,7282.58156,2,3,3,233,8,Loyal
PK-19075,8,29,17668.910499999998,4,4,4,444,12,Champions
PK-8910,121,4,948.456,1,1,1,111,3,At Risk
PK-9075,494,3,992.784,1,1,1,111,3,At Risk
PL-18925,15,20,14256.7186,3,3,4,334,10,Champions
PL-8925,49,3,759.21,2,1,1,211,4,At Risk
PM-18940,21,23,12893.5944,3,3,3,333,9,Champions
PM-19135,12,22,9857.6599,4,3,3,433,10,Champions
PM-8940,55,9,1448.856,2,2,1,221,5,Potential
PM-9135,301,6,1429.296,1,2,1,121,4,At Risk
PN-18775,15,33,11370.46522,3,4,3,343,10,Champions
PN-8775,53,5,1522.1100000000001,2,1,1,211,4,At Risk
PO-18850,4,41,25274.4702,4,4,4,444,12,Champions
PO-18865,0,35,21051.0598,4,4,4,444,12,Champions
PO-19180,160,24,16753.1715,1,3,4,134,8,Loyal
PO-19195,86,21,10872.01088,2,3,3,233,8,Loyal
PO-8850,127,4,1432.9859999999999,1,1,1,111,3,At Risk
PO-8865,352,6,2973.15,1,2,2,122,5,Potential
PO-9180,29,9,1231.068,3,2,1,321,6,Potential
PO-9195,33,8,8227.356,3,2,3,323,8,Loyal
PP-18955,54,30,21884.1846,2,4,4,244,10,Champions
PP-8955,14,3,359.061,4,1,1,411,6,Potential
PR-18880,25,29,13243.62082,3,4,4,344,11,Champions
PR-8880,196,5,1085.6399999999999,1,1,1,111,3,At Risk
PS-18760,29,28,15926.5494,3,4,4,344,11,Champions
PS-18970,27,33,18222.40482,3,4,4,344,11,Champions
PS-19045,20,26,29252.3194,3,4,4,344,11,Champions
PS-8760,347,5,1706.202,1,1,2,112,4,At Risk
PS-8970,124,4,1395.948,1,1,1,111,3,At Risk
PS-9045,61,7,829.356,2,2,1,221,5,Potential
PT-19090,6,25,8370.783,4,3,3,433,10,Champions
PT-9090,2,5,4686.03,4,1,2,412,7,Loyal
PV-18985,8,28,12540.661,4,4,3,443,11,Champions
PV-8985,144,6,6390.636,1,2,3,123,6,Potential
PW-19030,7,31,12810.05846,4,4,3,443,11,Champions
PW-19240,1,24,7186.1398,4,3,3,433,10,Champions
PW-9030,57,7,1081.002,2,2,1,221,5,Potential
PW-9240,61,7,1237.53,2,2,1,221,5,Potential
QJ-19255,25,23,18192.9231,3,3,4,334,10,Champions
QJ-9255,61,5,387.051,2,1,1,211,4,At Risk
RA-19285,5,24,16816.427,4,3,4,434,11,Champions
RA-19885,43,23,15435.49908,2,3,4,234,9,Champions
RA-19915,12,27,20975.19342,4,4,4,444,12,Champions
RA-19945,1,23,11696.0283,4,3,3,433,10,Champions
RA-9285,254,14,6226.686,1,3,2,132,6,Potential
RA-9885,125,8,503.26800000000003,1,2,1,121,4,At Risk
RA-9915,139,2,420.65999999999997,1,1,1,111,3,At Risk
RA-9945,20,9,2044.587,3,2,2,322,7,Loyal
RB-19330,15,32,18359.76862,3,4,4,344,11,Champions
RB-19360,20,25,29197.634599999998,3,3,4,334,10,Champions
RB-19435,19,28,11618.07552,3,4,3,343,10,Champions
RB-19465,0,36,17178.4394,4,4,4,444,12,Champions
RB-19570,20,25,10961.631,3,3,3,333,9,Champions
RB-19645,150,22,5973.5944,1,3,2,132,6,Potential
RB-19705,16,16,9288.0836,3,3,3,333,9,Champions
RB-19795,32,35,19056.88134,3,4,4,344,11,Champions
RB-9330,112,8,4538.256,1,2,2,122,5,Potential
RB-9360,93,4,404.508,2,1,1,211,4,At Risk
RB-9435,216,6,3179.154,1,2,2,122,5,Potential
RB-9465,287,3,3675.2400000000002,1,1,2,112,4,At Risk
RB-9570,446,5,586.761,1,1,1,111,3,At Risk
RB-9645,239,3,282.594,1,1,1,111,3,At Risk
RB-9705,149,12,6018.072,1,2,2,122,5,Potential
RB-9795,30,5,255.288,3,1,1,311,5,Potential
RC-19825,118,25,7916.6733,1,3,3,133,7,Loyal
RC-19960,22,22,7897.8691,3,3,3,333,9,Champions
RC-9825,741,1,37.44,1,1,1,111,3,At Risk
RC-9960,112,5,1639.965,1,1,1,111,3,At Risk
RD-19480,0,27,16487.1909,4,4,4,444,12,Champions
RD-19585,25,31,16315.107899999999,3,4,4,344,11,Champions
RD-19660,93,21,12947.9651,2,3,3,233,8,Loyal
RD-19720,21,30,10902.5255,3,4,3,343,10,Champions
RD-19810,14,30,7091.09996,4,4,3,443,11,Champions
RD-19900,32,29,13485.748,3,4,4,344,11,Champions
RD-19930,42,22,9293.58832,2,3,3,233,8,Loyal
RD-9480,47,6,1061.73,2,2,1,221,5,Potential
RD-9585,35,7,5168.4,3,2,2,322,7,Loyal
RD-9660,27,9,3391.788,3,2,2,322,7,Loyal
RD-9720,58,8,3833.712,2,2,2,222,6,Potential
RD-9810,53,7,3214.788,2,2,2,222,6,Potential
RD-9900,92,10,4837.2210000000005,2,2,2,222,6,Potential
RD-9930,28,11,6523.392,3,2,3,323,8,Loyal
RE-19405,28,21,12073.09218,3,3,3,333,9,Champions
RE-19450,23,18,10660.48524,3,3,3,333,9,Champions
RE-9405,71,6,1967.403,2,2,2,222,6,Potential
RE-9450,15,12,5678.7029999999995,3,2,2,322,7,Loyal
RF-19345,64,27,13391.2718,2,4,4,244,10,Champions
RF-19735,1,23,12139.0877,4,3,3,433,10,Champions
RF-19840,6,31,15077.47568,4,4,4,444,12,Champions
RF-9345,6,5,3208.026,4,1,2,412,7,Loyal
RF-9735,118,3,950.13,1,1,1,111,3,At Risk
RF-9840,138,6,571.722,1,2,1,121,4,At Risk
RH-19495,24,28,13295.7486,3,4,4,344,11,Champions
RH-19510,20,25,11599.392960000001,3,3,3,333,9,Champions
RH-19555,7,21,8944.311,4,3,3,433,10,Champions
RH-19600,6,21,4629.69556,4,3,2,432,9,Champions
RH-9495,96,3,3057.21,2,1,2,212,5,Potential
RH-9510,700,7,1837.788,1,2,2,122,5,Potential
RH-9555,26,8,8753.469,3,2,3,323,8,Loyal
RH-9600,173,8,3340.4700000000003,1,2,2,122,5,Potential
RK-19300,85,26,13480.92458,2,4,4,244,10,Champions
RK-9300,28,4,519.12,3,1,1,311,5,Potential
RL-19615,120,23,14866.82448,1,3,4,134,8,Loyal
RL-9615,265,8,2420.226,1,2,2,122,5,Potential
RM-19375,18,25,16077.68112,3,3,4,334,10,Champions
RM-19675,4,19,11151.9605,4,3,3,433,10,Champions
RM-19750,16,19,6475.01086,3,3,3,333,9,Champions
RM-9375,9,7,2239.446,4,2,2,422,8,Loyal
RM-9675,36,8,1715.094,2,2,2,222,6,Potential
RM-9750,40,7,929.175,2,2,1,221,5,Potential
RO-19780,35,29,18833.4355,3,4,4,344,11,Champions
RO-9780,4,9,3080.1059999999998,4,2,2,422,8,Loyal
RP-19270,7,26,13725.5769,4,4,4,444,12,Champions
RP-19390,15,34,16114.907500000001,3,4,4,344,11,Champions
RP-19855,21,27,11043.0844,3,4,3,343,10,Champions
RP-9270,286,6,1274.352,1,2,1,121,4,At Risk
RP-9390,270,7,5935.98,1,2,2,122,5,Potential
RP-9855,400,6,3569.139,1,2,2,122,5,Potential
RR-19315,19,21,11765.04038,3,3,3,333,9,Champions
RR-19525,0,27,15009.2866,4,4,4,444,12,Champions
RR-9315,232,4,1820.85,1,1,2,112,4,At Risk
RR-9525,89,7,1376.91,2,2,1,221,5,Potential
RS-19420,76,28,14047.14948,2,4,4,244,10,Champions
RS-19765,36,25,13582.12128,2,3,4,234,9,Champions
RS-19870,19,20,7090.9567799999995,3,3,3,333,9,Champions
RS-9420,33,7,385.44,3,2,1,321,6,Potential
RS-9765,123,6,1524.1499999999999,1,2,1,121,4,At Risk
RS-9870,20,8,1031.436,3,2,1,321,6,Potential
RW-19540,42,25,19423.6885,2,3,4,234,9,Champions
RW-19630,77,26,9425.9243,2,4,3,243,9,Champions
RW-19690,15,25,11200.142,3,3,3,333,9,Champions
RW-9540,26,7,5698.434,3,2,2,322,7,Loyal
RW-9630,399,2,560.01,1,1,1,111,3,At Risk
RW-9690,98,8,1398.996,2,2,1,221,5,Potential
SA-10830,10,10,872.676,4,2,1,421,7,Loyal
SA-20830,63,30,15622.37866,2,4,4,244,10,Champions
SB-10170,26,5,1647.24,3,1,1,311,5,Potential
SB-10185,78,7,1268.436,2,2,1,221,5,Potential
SB-10290,191,5,1975.404,1,1,2,112,4,At Risk
SB-20170,2,15,12950.934,4,3,3,433,10,Champions
SB-20185,74,31,21034.46172,2,4,4,244,10,Champions
SB-20290,41,22,18538.5328,2,3,4,234,9,Champions
SC-10020,264,4,476.334,1,1,1,111,3,At Risk
SC-10050,42,7,2311.8540000000003,2,2,2,222,6,Potential
SC-10095,225,7,918.522,1,2,1,121,4,At Risk
SC-10230,194,3,1793.907,1,1,2,112,4,At Risk
SC-10260,141,7,3166.518,1,2,2,122,5,Potential
SC-10305,16,7,3207.18,3,2,2,322,7,Loyal
SC-10380,275,4,1556.16,1,1,1,111,3,At Risk
SC-10440,92,4,1929.081,2,1,2,212,5,Potential
SC-10575,373,2,328.02,1,1,1,111,3,At Risk
SC-10680,189,4,6344.79,1,1,3,113,5,Potential
SC-10695,174,4,1468.8990000000001,1,1,1,111,3,At Risk
SC-10725,91,7,2944.494,2,2,2,222,6,Potential
SC-10770,184,7,2033.208,1,2,2,122,5,Potential
SC-10800,359,2,89.286,1,1,1,111,3,At Risk
SC-10845,53,4,1368.1200000000001,2,1,1,211,4,At Risk
SC-20020,8,34,10579.47,4,4,3,443,11,Champions
SC-20050,40,30,16813.21902,2,4,4,244,10,Champions
SC-20095,75,28,25602.61,2,4,4,244,10,Champions
SC-20230,16,25,20333.868,3,3,4,334,10,Champions
SC-20260,0,26,9366.1924,4,4,3,443,11,Champions
SC-20305,29,26,17696.722,3,4,4,344,11,Champions
SC-20380,30,37,16122.72424,3,4,4,344,11,Champions
SC-20440,9,25,7677.43526,4,3,3,433,10,Champions
SC-20575,27,33,9685.4243,3,4,3,343,10,Champions
SC-20680,21,31,13477.05528,3,4,4,344,11,Champions
SC-20695,9,35,21931.0435,4,4,4,444,12,Champions
SC-20725,7,30,13975.42408,4,4,4,444,12,Champions
SC-20770,40,32,14495.11408,2,4,4,244,10,Champions
SC-20800,30,24,11321.2786,3,3,3,333,9,Champions
SC-20845,8,24,9898.62502,4,3,3,433,10,Champions
SD-10485,40,8,1157.3429999999998,2,2,1,221,5,Potential
SD-20485,15,32,16802.0649,3,4,4,344,11,Champions
SE-10110,78,3,613.71,2,1,1,211,4,At Risk
SE-20110,9,36,29532.62502,4,4,4,444,12,Champions
SF-10065,229,8,3861.429,1,2,2,122,5,Potential
SF-10200,141,8,2633.3160000000003,1,2,2,122,5,Potential
SF-10965,180,6,2476.302,1,2,2,122,5,Potential
SF-20065,58,21,7395.746,2,3,3,233,8,Loyal
SF-20200,5,28,13019.6294,4,4,3,443,11,Champions
SF-20965,48,17,6777.6808,2,3,3,233,8,Loyal
SG-10080,369,6,1078.728,1,2,1,121,4,At Risk
SG-10470,128,3,3086.67,1,1,2,112,4,At Risk
SG-10605,233,6,2816.067,1,2,2,122,5,Potential
SG-10890,400,6,1424.778,1,2,1,121,4,At Risk
SG-20080,3,17,10774.5034,4,3,3,433,10,Champions
SG-20470,90,28,10730.2773,2,4,3,243,9,Champions
SG-20605,75,32,10128.53856,2,4,3,243,9,Champions
SG-20890,16,22,11260.30386,3,3,3,333,9,Champions
SH-10395,63,4,129.03,2,1,1,211,4,At Risk
SH-10635,158,4,658.98,1,1,1,111,3,At Risk
SH-19975,25,29,10893.50994,3,4,3,343,10,Champions
SH-20395,23,33,12849.17384,3,4,3,343,10,Champions
SH-20635,30,25,13546.7458,3,3,4,334,10,Champions
SH-9975,64,8,8058.147,2,2,3,223,7,Loyal
SJ-10125,294,9,2961.189,1,2,2,122,5,Potential
SJ-10215,56,9,1359.252,2,2,1,221,5,Potential
SJ-10500,274,3,454.06800000000004,1,1,1,111,3,At Risk
SJ-20125,32,30,10562.092,3,4,3,343,10,Champions
SJ-20215,28,32,14709.69868,3,4,4,344,11,Champions
SJ-20500,175,26,12930.791,1,4,3,143,8,Loyal
SK-19990,8,19,10932.97152,4,3,3,433,10,Champions
SK-9990,30,7,2358.858,3,2,2,322,7,Loyal
SL-10155,166,14,2451.7799999999997,1,3,2,132,6,Potential
SL-20155,29,32,14380.691,3,4,4,344,11,Champions
SM-10005,104,8,6262.38,1,2,3,123,6,Potential
SM-10320,76,7,4045.638,2,2,2,222,6,Potential
SM-10905,132,5,1711.992,1,1,2,112,4,At Risk
SM-10950,104,9,1336.308,1,2,1,121,4,At Risk
SM-20005,147,22,6801.587500000001,1,3,3,133,7,Loyal
SM-20320,21,21,31125.29496,3,3,4,334,10,Champions
SM-20905,37,17,6918.4824,2,3,3,233,8,Loyal
SM-20950,25,29,11552.77814,3,4,3,343,10,Champions
SN-10560,13,6,1480.104,4,2,1,421,7,Loyal
SN-10710,252,4,702.24,1,1,1,111,3,At Risk
SN-20560,71,25,12738.710000000001,2,3,3,233,8,Loyal
SN-20710,44,24,12703.94056,2,3,3,233,8,Loyal
SO-10335,400,4,831.498,1,1,1,111,3,At Risk
SO-20335,29,27,15534.94692,3,4,4,344,11,Champions
SP-10545,18,4,418.32,3,1,1,311,5,Potential
SP-10620,139,5,299.568,1,1,1,111,3,At Risk
SP-10650,169,6,770.895,1,2,1,121,4,At Risk
SP-10860,398,2,503.496,1,1,1,111,3,At Risk
SP-10920,107,4,896.391,1,1,1,111,3,At Risk
SP-20545,16,20,6801.1987,3,3,3,333,9,Champions
SP-20620,5,31,19113.6707,4,4,4,444,12,Champions
SP-20650,20,24,10377.86844,3,3,3,333,9,Champions
SP-20860,54,26,12994.59246,2,4,3,243,9,Champions
SP-20920,6,28,28124.21286,4,4,4,444,12,Champions
SR-10425,44,5,281.20799999999997,2,1,1,211,4,At Risk
SR-10740,21,4,2154.12,3,1,2,312,6,Potential
SR-20425,8,19,12721.24894,4,3,3,433,10,Champions
SR-20740,23,33,17220.18,3,4,4,344,11,Champions
SS-10140,29,7,3491.6279999999997,3,2,2,322,7,Loyal
SS-10410,26,10,2348.46,3,2,2,322,7,Loyal
SS-10515,674,3,424.53,1,1,1,111,3,At Risk
SS-10590,28,3,940.38,3,1,1,311,5,Potential
SS-10875,250,4,556.314,1,1,1,111,3,At Risk
SS-20140,15,32,20138.603039999998,3,4,4,344,11,Champions
SS-20410,33,27,15759.48198,3,4,4,344,11,Champions
SS-20515,0,19,7480.62162,4,3,3,433,10,Champions
SS-20590,5,26,12181.4264,4,4,3,443,11,Champions
SS-20875,14,21,4772.1508,4,3,2,432,9,Champions
ST-10530,95,6,943.26,2,2,1,221,5,Potential
ST-20530,6,32,14064.01106,4,4,4,444,12,Champions
SU-10665,48,6,3331.134,2,2,2,222,6,Potential
SU-20665,4,23,7442.46,4,3,3,433,10,Champions
SV-10365,183,5,1256.472,1,1,1,111,3,At Risk
SV-10785,21,7,2969.43,3,2,2,322,7,Loyal
SV-10815,8,9,7728.912,4,2,3,423,9,Champions
SV-10935,11,3,487.746,4,1,1,411,6,Potential
SV-20365,87,31,22376.44748,2,4,4,244,10,Champions
SV-20785,22,27,14262.9351,3,4,4,344,11,Champions
SV-20815,34,24,14575.50118,3,3,4,334,10,Champions
SV-20935,0,28,15197.6927,4,4,4,444,12,Champions
SW-10245,22,4,1901.91,3,1,2,312,6,Potential
SW-10275,49,5,1480.578,2,1,1,211,4,At Risk
SW-10350,100,9,1244.454,1,2,1,121,4,At Risk
SW-10455,7,9,2205.252,4,2,2,422,8,Loyal
SW-10755,43,7,2346.906,2,2,2,222,6,Potential
SW-20245,12,26,13576.68382,4,4,4,444,12,Champions
SW-20275,21,33,15564.966699999999,3,4,4,344,11,Champions
SW-20350,12,21,6923.24944,4,3,3,433,10,Champions
SW-20455,7,22,6038.0162,4,3,2,432,9,Champions
SW-20755,15,31,23321.579999999998,3,4,4,344,11,Champions
SZ-10035,956,4,1164.15,1,1,1,111,3,At Risk
SZ-20035,13,37,15192.376,4,4,4,444,12,Champions
TA-11385,8,5,4819.95,4,1,2,412,7,Loyal
TA-21385,18,25,35668.120800000004,3,3,4,334,10,Champions
TB-11055,324,3,2355.138,1,1,2,112,4,At Risk
TB-11175,216,4,850.326,1,1,1,111,3,At Risk
TB-11190,114,4,1115.3700000000001,1,1,1,111,3,At Risk
TB-11250,1,15,7270.836,4,3,3,433,10,Champions
TB-11280,156,9,1574.322,1,2,1,121,4,At Risk
TB-11355,14,8,438.162,4,2,1,421,7,Loyal
TB-11400,111,9,3103.323,1,2,2,122,5,Potential
TB-11520,18,11,3991.5209999999997,3,2,2,322,7,Loyal
TB-11595,162,4,752.0699999999999,1,1,1,111,3,At Risk
TB-11625,398,5,1810.752,1,1,2,112,4,At Risk
TB-21055,35,29,13671.71072,3,4,4,344,11,Champions
TB-21175,39,27,16573.5984,2,4,4,244,10,Champions
TB-21190,49,17,10686.47152,2,3,3,233,8,Loyal
TB-21250,2,28,11830.0907,4,4,3,443,11,Champions
TB-21280,57,26,10127.01266,2,4,3,243,9,Champions
TB-21355,54,20,9205.113,2,3,3,233,8,Loyal
TB-21400,25,26,21375.988,3,4,4,344,11,Champions
TB-21520,30,34,16716.76172,3,4,4,344,11,Champions
TB-21595,28,26,8437.989,3,4,3,343,10,Champions
TB-21625,30,31,13266.1971,3,4,4,344,11,Champions
TC-10980,47,8,3239.064,2,2,2,222,6,Potential
TC-11145,12,10,3799.926,4,2,2,422,8,Loyal
TC-11295,12,5,730.908,4,1,1,411,6,Potential
TC-11475,204,9,1907.7540000000001,1,2,2,122,5,Potential
TC-11535,370,4,2214.9719999999998,1,1,2,112,4,At Risk
TC-20980,27,28,34218.269,3,4,4,344,11,Champions
TC-21145,11,25,18419.94306,4,3,4,434,11,Champions
TC-21295,27,29,19391.8981,3,4,4,344,11,Champions
TC-21475,1,29,10722.52656,4,4,3,443,11,Champions
TC-21535,0,30,8888.0601,4,4,3,443,11,Champions
TD-10995,180,3,780.378,1,1,1,111,3,At Risk
TD-20995,0,25,6924.1875,4,3,3,433,10,Champions
TG-11310,160,3,714.417,1,1,1,111,3,At Risk
TG-11640,30,9,4906.533,3,2,2,322,7,Loyal
TG-21310,14,32,12305.231600000001,4,4,3,443,11,Champions
TG-21640,5,33,13973.7773,4,4,4,444,12,Champions
TH-11100,253,4,1856.19,1,1,2,112,4,At Risk
TH-11115,119,6,1870.17,1,2,2,122,5,Potential
TH-11235,230,10,3901.3469999999998,1,2,2,122,5,Potential
TH-11550,389,5,283.83,1,1,1,111,3,At Risk
TH-21100,6,27,13684.8726,4,4,4,444,12,Champions
TH-21115,43,25,13483.62368,2,3,4,234,9,Champions
TH-21235,8,26,12896.252,4,4,3,443,11,Champions
TH-21550,5,26,12808.9063,4,4,3,443,11,Champions
TM-11010,242,3,300.666,1,1,1,111,3,At Risk
TM-11490,55,8,2063.022,2,2,2,222,6,Potential
TM-21010,64,27,14158.9626,2,4,4,244,10,Champions
TM-21490,40,27,13908.8563,2,4,4,244,10,Champions
TN-11040,54,2,187.35,2,1,1,211,4,At Risk
TN-21040,22,29,9410.26404,3,4,3,343,10,Champions
TP-11130,139,6,1261.449,1,2,1,121,4,At Risk
TP-11415,641,4,1950.9479999999999,1,1,2,112,4,At Risk
TP-11565,103,5,857.37,1,1,1,111,3,At Risk
TP-21130,2,37,22697.57728,4,4,4,444,12,Champions
TP-21415,48,22,10926.72382,2,3,3,233,8,Loyal
TP-21565,14,30,12429.8013,4,4,3,443,11,Champions
TR-11325,168,4,2395.716,1,1,2,112,4,At Risk
TR-21325,1,22,10033.18706,4,3,3,433,10,Champions
TS-11085,219,8,1390.68,1,2,1,121,4,At Risk
TS-11160,105,5,1130.07,1,1,1,111,3,At Risk
TS-11205,307,3,641.646,1,1,1,111,3,At Risk
TS-11340,40,5,1631.316,2,1,1,211,4,At Risk
TS-11370,18,10,4573.584,3,2,2,322,7,Loyal
TS-11430,118,7,5812.08,1,2,2,122,5,Potential
TS-11505,287,4,2123.946,1,1,2,112,4,At Risk
TS-11610,175,5,2011.14,1,1,2,112,4,At Risk
TS-11655,202,6,452.88,1,2,1,121,4,At Risk
TS-21085,41,19,5395.2094,2,3,2,232,7,Loyal
TS-21160,8,22,6805.942,4,3,3,433,10,Champions
TS-21205,26,32,13888.62492,3,4,4,344,11,Champions
TS-21340,8,31,16997.02948,4,4,4,444,12,Champions
TS-21370,36,27,23201.678,2,4,4,244,10,Champions
TS-21430,19,22,9532.9166,3,3,3,333,9,Champions
TS-21505,11,27,17613.4163,4,4,4,444,12,Champions
TS-21610,20,30,20565.95,3,4,4,344,11,Champions
TS-21655,84,24,9525.457199999999,2,3,3,233,8,Loyal
TT-11070,37,2,1572.33,2,1,1,211,4,At Risk
TT-11220,5,9,1826.4,4,2,2,422,8,Loyal
TT-11265,94,9,5049.042,2,2,2,222,6,Potential
TT-11460,42,8,1649.784,2,2,1,221,5,Potential
TT-21070,14,31,15673.063900000001,4,4,4,444,12,Champions
TT-21220,37,22,13224.56416,2,3,4,234,9,Champions
TT-21265,1,20,4730.638,4,3,2,432,9,Champions
TT-21460,12,32,18432.013460000002,4,4,4,444,12,Champions
TW-11025,19,8,323.109,3,2,1,321,6,Potential
TW-21025,41,27,13931.8966,2,4,4,244,10,Champions
TZ-11445,368,7,745.14,1,2,1,121,4,At Risk
TZ-11580,48,5,403.014,2,1,1,211,4,At Risk
TZ-21445,8,28,14601.6714,4,4,4,444,12,Champions
TZ-21580,35,19,10455.5278,3,3,3,333,9,Champions
VB-11745,4,4,783.63,4,1,1,411,6,Potential
VB-21745,12,21,9961.05,4,3,3,433,10,Champions
VD-11670,0,9,1230.051,4,2,1,421,7,Loyal
VD-21670,36,21,14754.8714,2,3,4,234,9,Champions
VF-11715,94,4,602.352,2,1,1,211,4,At Risk
VF-21715,13,24,12000.133,4,3,3,433,10,Champions
VG-11790,147,4,386.172,1,1,1,111,3,At Risk
VG-11805,135,4,1190.22,1,1,1,111,3,At Risk
VG-21790,110,27,9908.6065,1,4,3,143,8,Loyal
VG-21805,2,23,22573.37116,4,3,4,434,11,Champions
VM-11685,13,6,858.978,4,2,1,421,7,Loyal
VM-11835,8,3,1270.4099999999999,4,1,1,411,6,Potential
VM-21685,32,32,13708.12232,3,4,4,344,11,Champions
VM-21835,111,20,2621.817,1,3,2,132,6,Potential
VP-11730,28,4,432.0,3,1,1,311,5,Potential
VP-11760,236,3,1615.662,1,1,1,111,3,At Risk
VP-21730,30,29,11629.269,3,4,3,343,10,Champions
VP-21760,75,28,16935.5635,2,4,4,244,10,Champions
VS-11820,22,7,1136.214,3,2,1,321,6,Potential
VS-21820,138,15,10275.775,1,3,3,133,7,Loyal
VT-11700,30,7,1271.442,3,2,1,321,6,Potential
VT-21700,7,25,18099.3061,4,3,4,434,11,Champions
VW-11775,7,5,1253.166,4,1,1,411,6,Potential
VW-21775,6,30,15785.3774,4,4,4,444,12,Champions
WB-11850,114,2,182.532,1,1,1,111,3,At Risk
WB-21850,20,38,16704.6612,3,4,4,344,11,Champions
XP-11865,160,3,1011.798,1,1,1,111,3,At Risk
XP-21865,43,27,11187.1526,2,4,3,243,9,Champions
YC-11895,99,4,166.299,2,1,1,211,4,At Risk
YC-21895,4,27,19998.0786,4,4,4,444,12,Champions
YS-11880,4,6,1328.832,4,2,1,421,7,Loyal
YS-21880,9,26,18703.606,4,4,4,444,12,Champions
ZC-11910,200,1,7.173,1,1,1,111,3,At Risk
ZC-21910,3,37,28472.81926,4,4,4,444,12,Champions
ZD-11925,3,9,2951.226,4,2,2,422,8,Loyal
ZD-21925,1,20,9479.3444,4,3,3,433,10,Champions
